"id","prospect_id","name","type","city","state","country","address","employee_estimate","description","open_positions","health_positions","hiring_trend","hiring_categories","jobs_last_updated","source_url","created_at","updated_at"
"03357ac6-f696-4e92-bd8c-cb2e97ae5db2","9200a3cd-66fe-459d-9a52-36eaf6659c0e","Airbus Defence and Space – Netherlands, Italy","office","Netherlands",,"Italy",,,"The Airbus space equipment business is made up of Airbus Defence and Space equipment departments in Germany, France, the Netherlands, Italy as well as","0","0","none",,,"https://www.airbus.com/en/products-services/space/space-equipment","2026-05-31 23:18:46.82","2026-05-31 23:18:46.82"
"05b9e7ec-943e-4418-90c0-56e8e92fcb4e","c24c141d-55f0-4490-b17f-fe654a11d830","Airbus Defence and Space – Germany, France","office","Germany",,"France",,,"The Airbus space equipment business is made up of Airbus Defence and Space equipment departments in Germany, France, the Netherlands, Italy as well as","0","0","none",,,"https://www.airbus.com/en/products-services/space/space-equipment","2026-04-14 01:17:51.303","2026-04-14 01:17:51.303"
"0cb208c6-5b91-4270-be2a-638f1ec82b45","c24c141d-55f0-4490-b17f-fe654a11d830","Airbus Defence and Space – France","office",,,"France",,,"France hosts major Airbus, Airbus Helicopters and Airbus Defence and Space production facilities, and the southwestern city of Toulouse will be home t","0","0","none",,,"https://www.aerocontact.com/en/aerospace-company/company-airbus-group-818/presentation","2026-04-14 01:17:51.195","2026-04-14 01:17:51.195"
"28e74361-c97a-4e1e-9769-540f7cb67b7a","9200a3cd-66fe-459d-9a52-36eaf6659c0e","Airbus Defence and Space – United Kingdom","office",,,"United Kingdom",,,"Airbus, Airbus Helicopters, and Airbus Defence and Space lead their respective markets in the UK, leveraging diverse skills, advanced technologies and","0","0","none",,,"https://www.airbus.com/en/about-us/our-worldwide-presence/airbus-in-europe/airbus-in-the-united-kingdom","2026-05-31 23:18:46.373","2026-05-31 23:18:46.373"
"2c1ee6a3-1dd0-46f7-af8c-37c3a2b7252e","c24c141d-55f0-4490-b17f-fe654a11d830","Airbus Defence and Space – United Kingdom","office",,,"United Kingdom",,,"Airbus, Airbus Helicopters, and Airbus Defence and Space lead their respective markets in the UK, leveraging diverse skills, advanced ...","0","0","none",,,"https://www.airbus.com/en/about-us/our-worldwide-presence/airbus-in-europe/airbus-in-the-united-kingdom","2026-04-14 01:17:51.198","2026-04-14 01:17:51.198"
"377519d5-ed68-414f-ad0b-b255f7eacb99","db0a1e6c-ebe2-4f3d-8591-c6cc8c90de11","Boeing – Abilene, TX","office","Abilene","TX","United States",,,"Boeing locations by city · Abilene, TX · Albuquerque, NM · Amarillo, TX · Anaheim, CA · Anchorage, AK · Andrews AFB, MD · Annapolis Junction, MD · Arl","0","0","none",,,"https://www.indeed.com/cmp/Boeing/locations","2026-04-14 06:55:24.082","2026-04-14 06:55:24.082"
"3b86e20e-5830-4657-bbbf-babd8ee3a549","9200a3cd-66fe-459d-9a52-36eaf6659c0e","Airbus Defence and Space – Spain","office",,,"Spain",,,"Airbus Defence and Space employs around 9,000 people across five sites in Spain, leading key aerospace and defence initiatives. Our Air Power business","0","0","none",,,"https://www.airbus.com/en/about-us/our-worldwide-presence/airbus-in-europe/airbus-in-spain","2026-05-31 23:18:46.306","2026-05-31 23:18:46.306"
"446d019f-5eef-457e-bf8a-18dfe83a0d73","db0a1e6c-ebe2-4f3d-8591-c6cc8c90de11","Boeing – Albuquerque, NM","office","Albuquerque","NM","United States",,,"Boeing locations by city · Abilene, TX · Albuquerque, NM · Amarillo, TX · Anaheim, CA · Anchorage, AK · Andrews AFB, MD · Annapolis Junction, MD · Arl","0","0","none",,,"https://www.indeed.com/cmp/Boeing/locations","2026-04-14 06:55:24.175","2026-04-14 06:55:24.175"
"4e913486-959e-4e0f-a0e4-dfd5be382dea","db0a1e6c-ebe2-4f3d-8591-c6cc8c90de11","Boeing – Amarillo, TX","office","Amarillo","TX","United States",,,"Boeing locations by city · Abilene, TX · Albuquerque, NM · Amarillo, TX · Anaheim, CA · Anchorage, AK · Andrews AFB, MD · Annapolis Junction, MD · Arl","0","0","none",,,"https://www.indeed.com/cmp/Boeing/locations","2026-04-14 06:55:24.178","2026-04-14 06:55:24.178"
"571125d4-b6dd-41f9-a90c-bba5f7bf9595","c24c141d-55f0-4490-b17f-fe654a11d830","Airbus Defence and Space – Arlington, VA","manufacturing","Arlington","VA","United States",,,"Airbus Defence and Space. Defense and Space Manufacturing · Boeing. Aviation & Aerospace. Arlington, VA · Safran. Aviation and Aerospace Component Man","0","0","none",,,"https://www.linkedin.com/company/airbus-helicopters","2026-04-14 01:17:51.312","2026-04-14 01:17:51.312"
"5fed40ca-6401-4a00-9066-3f165a29ef31","c24c141d-55f0-4490-b17f-fe654a11d830","Airbus Defence and Space – Spain","office",,,"Spain",,,"Airbus Defence and Space employs around 9,000 people across five sites in Spain, leading key aerospace and defence initiatives. Our Air Power business","0","0","none",,,"https://www.airbus.com/en/about-us/our-worldwide-presence/airbus-in-europe/airbus-in-spain","2026-04-14 01:17:51.099","2026-04-14 01:17:51.099"
"61cc69a4-1cb3-4839-9226-44a9dee9bcc7","db0a1e6c-ebe2-4f3d-8591-c6cc8c90de11","Boeing – Annapolis Junction, MD","office","Annapolis Junction","MD","United States",,,"Boeing locations by city · Abilene, TX · Albuquerque, NM · Amarillo, TX · Anaheim, CA · Anchorage, AK · Andrews AFB, MD · Annapolis Junction, MD · Arl","0","0","none",,,"https://www.indeed.com/cmp/Boeing/locations","2026-04-14 06:55:24.186","2026-04-14 06:55:24.186"
"68f98c1c-9cf5-445d-a74e-2238f7ce5d54","c24c141d-55f0-4490-b17f-fe654a11d830","Airbus Defence and Space – Germany, Spain","office","Germany",,"Spain",,,"Airbus has sixteen key sites in four countries: France, Germany, Spain and the United Kingdom. ... Military (Airbus Defence and Space): A310 MRTT • CC","0","0","none",,,"https://world-airports.fandom.com/wiki/Airbus","2026-04-14 01:17:51.296","2026-04-14 01:17:51.296"
"6c70d95f-ef89-4d34-8114-8141d0fa680a","9200a3cd-66fe-459d-9a52-36eaf6659c0e","Airbus Defence and Space – Manching, Germany","manufacturing","Manching",,"Germany",,,"Meet Alexandra. Meet Alexandra, Engineering Strategy & Integration Manager at Airbus Defence and Space in Manching, Germany ... manufacturing to impro","0","0","none",,,"https://www.airbus.com/en","2026-05-31 23:18:46.629","2026-05-31 23:18:46.629"
"73fa3bbd-32a8-48c4-be5d-d95c8c3bddf1","9200a3cd-66fe-459d-9a52-36eaf6659c0e","Airbus Defence and Space – Airbus Helicopters, Canada","office","Airbus Helicopters",,"Canada",,,"Airbus Helicopters Canada in Fort Erie, Airbus Defence and Space Canada and AirPro SAR Services in Ottawa and NAVBLUE in Waterloo are located in ...","0","0","none",,,"https://www.airbus.com/en/about-us/our-worldwide-presence/airbus-in-americas/airbus-in-canada","2026-05-31 23:18:46.95","2026-05-31 23:18:46.95"
"788ce243-9d02-4256-b52b-ee0b9a106d17","db0a1e6c-ebe2-4f3d-8591-c6cc8c90de11","Boeing – Kuwait","office",,,"Kuwait",,,"Boeing employs more than 3,000 employees across the Middle East, through local entities in Riyadh, Abu Dhabi, Dubai, Doha and Kuwait and through its j","0","0","none",,,"https://www.boeing-me.com/en","2026-04-14 06:55:24.28","2026-04-14 06:55:24.28"
"7cc803de-708e-45ef-8f99-9cd83ac31109","9200a3cd-66fe-459d-9a52-36eaf6659c0e","Airbus Defence and Space – Germany, France","office","Germany",,"France",,,"The Airbus space equipment business is made up of Airbus Defence and Space equipment departments in Germany, France, the Netherlands, Italy as well as","0","0","none",,,"https://www.airbus.com/en/products-services/space/space-equipment","2026-05-31 23:18:46.756","2026-05-31 23:18:46.756"
"875550fd-c3cd-4716-85c5-17e466e3ac09","9200a3cd-66fe-459d-9a52-36eaf6659c0e","Airbus Defence and Space – Toulouse, France","headquarters","Toulouse",,"France",,,"Airbus Defence and Space. Abbreviation, ADS. Headquarters, Toulouse, France. Key Products, Military aircraft, satellites, space systems, cyber securit","0","0","none",,,"https://orbitcodex.com/organizations/airbus-defence-and-space","2026-05-31 23:18:47.014","2026-05-31 23:18:47.014"
"89940e60-cdc6-41d8-9b7d-00b3b124b5e8","c24c141d-55f0-4490-b17f-fe654a11d830","Airbus Defence and Space – Stevenage, United Kingdom","manufacturing","Stevenage",,"United Kingdom",,,"Digital Design, Manufacturing & Services ... Meet Sid. Meet Sid, Electromechanical engineering apprentice at Airbus Defence and Space in Stevenage, Un","0","0","none",,,"https://www.airbus.com/en","2026-04-14 01:17:51.3","2026-04-14 01:17:51.3"
"94d73123-652e-481b-9c1e-be13d7e2ac3a","c24c141d-55f0-4490-b17f-fe654a11d830","Airbus Defence and Space – Netherlands, Italy","office","Netherlands",,"Italy",,,"The Airbus space equipment business is made up of Airbus Defence and Space equipment departments in Germany, France, the Netherlands, Italy as well as","0","0","none",,,"https://www.airbus.com/en/products-services/space/space-equipment","2026-04-14 01:17:51.305","2026-04-14 01:17:51.305"
"9a6f5369-2b73-40a9-a241-db34cd933e1d","c24c141d-55f0-4490-b17f-fe654a11d830","Airbus Defence and Space – Germany","headquarters",,,"Germany",,,"Airbus Defence and Space is headquartered in Germany and handles many of its defence products. In 2024, it was reorganised into the following ...","0","0","none",,,"https://caat.org.uk/data/companies/airbus-group-eads/","2026-04-14 01:17:51.298","2026-04-14 01:17:51.298"
"af300418-286f-4df0-b4af-87b1aa81c291","db0a1e6c-ebe2-4f3d-8591-c6cc8c90de11","Boeing – Arlington, TX","office","Arlington","TX","United States",,,"Boeing locations by city · Abilene, TX · Albuquerque, NM · Amarillo, TX · Anaheim, CA · Anchorage, AK · Andrews AFB, MD · Annapolis Junction, MD · Arl","0","0","none",,,"https://www.indeed.com/cmp/Boeing/locations","2026-04-14 06:55:24.275","2026-04-14 06:55:24.275"
"b0fe33e5-dc98-4409-8d4e-cb911351f7f1","c24c141d-55f0-4490-b17f-fe654a11d830","Airbus Defence and Space – Portugal","research",,,"Portugal",,,"It comprises eleven partners from Portugal and Spain working in close collaboration with Airbus Defence and Space pursuing common technology objective","0","0","none",,,"https://www.airbus.com/en/about-us/our-worldwide-presence/airbus-in-europe/airbus-in-portugal","2026-04-14 01:17:51.31","2026-04-14 01:17:51.31"
"b744998b-1bcf-4a85-b02c-58a30aaa988d","db0a1e6c-ebe2-4f3d-8591-c6cc8c90de11","Boeing – Boeing, France","headquarters","Boeing",,"France",,,"5 addresses ; Boeing Corporate Offices; 100 North Riverside; Illinois 60606 CHICAGO, États-Unis ; Boeing France; 6 avenue Marceau ; BOEING Research & ","0","0","none",,,"https://www.aerocontact.com/en/aerospace-company/company-boeing-3469/locations","2026-04-14 06:55:24.277","2026-04-14 06:55:24.277"
"bba7b31a-d1af-404b-adb5-f119d838bd1c","db0a1e6c-ebe2-4f3d-8591-c6cc8c90de11","Boeing – Anchorage, AK","office","Anchorage","AK","United States",,,"Boeing locations by city · Abilene, TX · Albuquerque, NM · Amarillo, TX · Anaheim, CA · Anchorage, AK · Andrews AFB, MD · Annapolis Junction, MD · Arl","0","0","none",,,"https://www.indeed.com/cmp/Boeing/locations","2026-04-14 06:55:24.183","2026-04-14 06:55:24.183"
"beeeff79-6d5d-43d4-8ed3-54a0aafd55d4","c24c141d-55f0-4490-b17f-fe654a11d830","Airbus Defence and Space – Airbus Helicopters, Canada","office","Airbus Helicopters",,"Canada",,,"Airbus Helicopters Canada in Fort Erie, Airbus Defence and Space Canada and AirPro SAR Services in Ottawa and NAVBLUE in Waterloo are located in Ontar","0","0","none",,,"https://www.airbus.com/en/about-us/our-worldwide-presence/airbus-in-americas/airbus-in-canada","2026-04-14 01:17:51.391","2026-04-14 01:17:51.391"
"c79aa90e-11d9-4b0f-97f4-bf6eea4aab32","c24c141d-55f0-4490-b17f-fe654a11d830","Airbus Defence and Space – Space, Netherlands","office","Space",,"Netherlands",,,"Structures. Airbus Defence and Space Netherlands designs and builds structures for the launchers used to lift-off satellites into space... To structur","0","0","none",,,"https://airbusdefenceandspacenetherlands.nl/","2026-04-14 01:17:51.313","2026-04-14 01:17:51.313"
"ccb7fa47-5152-4c85-be2c-2e68fb93790e","9200a3cd-66fe-459d-9a52-36eaf6659c0e","Airbus Defence and Space – Belgium","office",,,"Belgium",,,"Around 200 Airbus employees work across Belgium, with offices in Brussels for EU public affairs, Diegem for Airbus Defence and Space operations, and N","0","0","none",,,"https://www.airbus.com/en/about-us/our-worldwide-presence/airbus-in-europe/airbus-in-belgium","2026-05-31 23:18:46.437","2026-05-31 23:18:46.437"
"cf6da204-77ad-4237-9532-b318db239fb8","9200a3cd-66fe-459d-9a52-36eaf6659c0e","Airbus Defence and Space – Netherlands","office",,,"Netherlands",,,"The Airbus space equipment business is made up of Airbus Defence and Space equipment departments in Germany, France, the Netherlands, Italy as well as","0","0","none",,,"https://www.airbus.com/en/products-services/space/space-equipment","2026-05-31 23:18:46.886","2026-05-31 23:18:46.886"
"d20f86c4-7f5b-4d42-987d-317c37a55fec","9200a3cd-66fe-459d-9a52-36eaf6659c0e","Airbus Defence and Space – Germany","manufacturing",,,"Germany",,,"... manufacturing helicopters at its facility in Columbus, Mississippi. ... Airbus Defence and Space and was Head of the Bremen Site in Germany ...","0","0","none",,,"https://justhelicopters.com/Articles-and-News/Community-Articles/Article/176010/Airbus-Helicopters-Celebrates-20-Years-Manufacturing-in-Mississippi","2026-05-31 23:18:46.693","2026-05-31 23:18:46.693"
"d430a7ab-534b-450b-9989-3b3e31111dc8","db0a1e6c-ebe2-4f3d-8591-c6cc8c90de11","Boeing – Seattle, WA","training","Seattle","WA","United States",,,"Boeing Training and Professional Services 7755 East Marginal Way South Building 2-25 Seattle, WA 98108 We bring training closer to our customers.","0","0","none",,,"https://services.boeing.com/training-solutions/campuses/seattle-campus","2026-04-14 06:55:24.376","2026-04-14 06:55:24.376"
"dac6c6df-17d1-4106-9b45-95d33504cb20","c24c141d-55f0-4490-b17f-fe654a11d830","Airbus Defence and Space – Netherlands","office",,,"Netherlands",,,"The Airbus space equipment business is made up of Airbus Defence and Space equipment departments in Germany, France, the Netherlands, Italy as well as","0","0","none",,,"https://www.airbus.com/en/products-services/space/space-equipment","2026-04-14 01:17:51.308","2026-04-14 01:17:51.308"
"ed590895-6419-4d27-bb72-904005c2d245","c24c141d-55f0-4490-b17f-fe654a11d830","Airbus Defence and Space – France, Germany","office","France",,"Germany",,,"Airbus has sixteen key sites in four countries: France, Germany, Spain and the United Kingdom. ... Military (Airbus Defence and Space): A310 MRTT • CC","0","0","none",,,"https://world-airports.fandom.com/wiki/Airbus","2026-04-14 01:17:51.291","2026-04-14 01:17:51.291"
"f94b7e0c-dc64-49b9-b93e-781e9b78dd2d","9200a3cd-66fe-459d-9a52-36eaf6659c0e","Airbus Defence and Space – France","office",,,"France",,,"France hosts major Airbus, Airbus Helicopters and Airbus Defence and Space production facilities, and the southwestern city of Toulouse will be home t","0","0","none",,,"https://www.aerocontact.com/en/aerospace-company/company-airbus-group-818/presentation","2026-05-31 23:18:46.501","2026-05-31 23:18:46.501"
"f9b663a0-1365-45bf-8c57-f73cdd8119c5","db0a1e6c-ebe2-4f3d-8591-c6cc8c90de11","Boeing – Anaheim, CA","office","Anaheim","CA","United States",,,"Boeing locations by city · Abilene, TX · Albuquerque, NM · Amarillo, TX · Anaheim, CA · Anchorage, AK · Andrews AFB, MD · Annapolis Junction, MD · Arl","0","0","none",,,"https://www.indeed.com/cmp/Boeing/locations","2026-04-14 06:55:24.18","2026-04-14 06:55:24.18"
"fe348925-619f-4417-8783-ade8c861808f","9200a3cd-66fe-459d-9a52-36eaf6659c0e","Airbus Defence and Space – Reddit In, France","office","Reddit In",,"France",,,"In France, Toulouse (Airbus), Marseille (Airbus Helicopters), and the Yvelines region (Airbus Defence and Space) (west of Paris) are the main ...","0","0","none",,,"https://www.reddit.com/r/aerospace/comments/4b8pz3/what_are_the_geographical_hubs_of_aerospace/","2026-05-31 23:18:46.565","2026-05-31 23:18:46.565"