"id","channel","title","summary","url","published_date","source","severity","affected_states","raw_json","fetched_at","created_at"
"073ba647-076b-4bfb-8382-3e2a554063fe","fda_recalls","The FDA Safety Information and Adverse Event Reporting Program","MedWatch, the FDA's medical product safety reporting program for health professionals, patients and consumers. Report a Problem Safety Information Stay Informed.","https://www.fda.gov/safety/medwatch-fda-safety-information-and-adverse-event-reporting-program",,"fda.gov","low",,"{""title"":""The FDA Safety Information and Adverse Event Reporting Program"",""link"":""https://www.fda.gov/safety/medwatch-fda-safety-information-and-adverse-event-reporting-program"",""snippet"":""MedWatch, the FDA's medical product safety reporting program for health professionals, patients and consumers. Report a Problem Safety Information Stay Informed.""}","2026-06-11 23:09:00.260241","2026-06-11 23:09:00.260241"
"0a3b0344-ae81-4221-8f2a-283023dee394","travel_advisory","Travel Health Notices - CDC","CDC uses Travel Health Notices (THNs) to inform travelers about global health risks during outbreaks, special events or gatherings, and natural disasters.","https://wwwnc.cdc.gov/travel/notices",,"wwwnc.cdc.gov","low",,"{""title"":""Travel Health Notices - CDC"",""link"":""https://wwwnc.cdc.gov/travel/notices"",""snippet"":""CDC uses Travel Health Notices (THNs) to inform travelers about global health risks during outbreaks, special events or gatherings, and natural disasters.""}","2026-06-11 23:08:57.805574","2026-06-11 23:08:57.805574"
"0fe6eca9-9a78-4505-baeb-5b0e0962193b","travel_advisory","Travel.State.Gov CSI","Level 3 - Reconsider travel Level 3 - Contains areas with higher security risk Level 4 - Do not travel Embassies serve as the U.S. government headquarters ...","https://travelmaps.state.gov/",,"travelmaps.state.gov","high",,"{""title"":""Travel.State.Gov CSI"",""link"":""https://travelmaps.state.gov/"",""snippet"":""Level 3 - Reconsider travel Level 3 - Contains areas with higher security risk Level 4 - Do not travel Embassies serve as the U.S. government headquarters ...""}","2026-06-11 23:08:58.572376","2026-06-11 23:08:58.572376"
"11b307b7-5270-470f-a423-80b162a106ac","fda_recalls","FDA Expands Early Alert Program to All Medical Devices","Based on the perceived success of the pilot program, the FDA announced on September 29, 2025, that it would expand the Early Alert program to ...","https://www.swlaw.com/publication/fda-expands-early-alert-program-to-all-medical-devices/",,"swlaw.com","medium",,"{""title"":""FDA Expands Early Alert Program to All Medical Devices"",""link"":""https://www.swlaw.com/publication/fda-expands-early-alert-program-to-all-medical-devices/"",""snippet"":""Based on the perceived success of the pilot program, the FDA announced on September 29, 2025, that it would expand the Early Alert program to ..."",""date"":""Oct 7, 2025""}","2026-06-11 23:09:01.775553","2026-06-11 23:09:01.775553"
"1262be2c-c0ad-4996-89b5-3af3408707b2","travel_advisory","CDC issues level 2 travel notice for yellow fever in South America","The travel alert urges travelers to the region to get a yellow fever vaccine at least 10 days prior to leaving the United States.","https://www.cidrap.umn.edu/yellow-fever/cdc-issues-level-2-travel-notice-yellow-fever-south-america",,"cidrap.umn.edu","medium",,"{""title"":""CDC issues level 2 travel notice for yellow fever in South America"",""link"":""https://www.cidrap.umn.edu/yellow-fever/cdc-issues-level-2-travel-notice-yellow-fever-south-america"",""snippet"":""The travel alert urges travelers to the region to get a yellow fever vaccine at least 10 days prior to leaving the United States."",""date"":""Apr 16, 2025""}","2026-06-11 23:08:58.366716","2026-06-11 23:08:58.366716"
"1e72dd6b-466d-43ec-88cd-e8e5da752721","public_health","Health Alerts, Advisories, and Updates | Public Health Department","On July 9, 2025, CDPH issued a CAHAN reporting an inc​​reasin​g number ... CDC is sharing best practices for clinical laboratories and healthcare workers.","https://health.alamedacountyca.gov/health-alerts-advisories-and-updates/",,"health.alamedacountyca.gov","medium",,"{""title"":""Health Alerts, Advisories, and Updates | Public Health Department"",""link"":""https://health.alamedacountyca.gov/health-alerts-advisories-and-updates/"",""snippet"":""On July 9, 2025, CDPH issued a CAHAN reporting an inc​​reasin​g number ... CDC is sharing best practices for clinical laboratories and healthcare workers.""}","2026-05-31 23:06:26.853327","2026-05-31 23:06:26.853327"
"243c0ce5-f202-4eba-8ba6-f0dfab87234f","public_health","CDC issues health alert for 2026 hantavirus outbreak - Facebook","CDC HAN: 2026 Hantavirus Outbreak: Testing for Potential Infection The Centers for Disease Control and Prevention (CDC) has issued a Health ...","https://www.facebook.com/OfficialCSHP/posts/cdc-han-2026-hantavirus-outbreak-testing-for-potential-infectionthe-centers-for-/1433380138826273/",,"facebook.com","medium",,"{""title"":""CDC issues health alert for 2026 hantavirus outbreak - Facebook"",""link"":""https://www.facebook.com/OfficialCSHP/posts/cdc-han-2026-hantavirus-outbreak-testing-for-potential-infectionthe-centers-for-/1433380138826273/"",""snippet"":""CDC HAN: 2026 Hantavirus Outbreak: Testing for Potential Infection The Centers for Disease Control and Prevention (CDC) has issued a Health ..."",""date"":""5 days ago""}","2026-05-31 23:06:25.734323","2026-05-31 23:06:25.734323"
"25084ee8-c6d5-4d8e-afd3-eb4be20008c6","disaster","Notices of Emergency and Major Disaster Declarations and Related ...","This is a notice of the Presidential declarations of emergencies and major disasters, and related determinations, declared under the ...","https://www.federalregister.gov/documents/2025/08/19/2025-15717/notices-of-emergency-and-major-disaster-declarations-and-related-amendments",,"federalregister.gov","high",,"{""title"":""Notices of Emergency and Major Disaster Declarations and Related ..."",""link"":""https://www.federalregister.gov/documents/2025/08/19/2025-15717/notices-of-emergency-and-major-disaster-declarations-and-related-amendments"",""snippet"":""This is a notice of the Presidential declarations of emergencies and major disasters, and related determinations, declared under the ..."",""date"":""Aug 19, 2025""}","2026-06-11 23:09:03.115351","2026-06-11 23:09:03.115351"
"2caf1a7f-e3cc-4d43-81f7-f75b84f76388","disaster","FEMA Disaster Declarations - PolicyMap","Federal disaster declarations are only displayed on PolicyMap since 2012, and do not include disasters declared before January 1, 2012 or after August 22nd, ...","https://www.policymap.com/data/sources/fema-disaster-declarations",,"policymap.com","low",,"{""title"":""FEMA Disaster Declarations - PolicyMap"",""link"":""https://www.policymap.com/data/sources/fema-disaster-declarations"",""snippet"":""Federal disaster declarations are only displayed on PolicyMap since 2012, and do not include disasters declared before January 1, 2012 or after August 22nd, ...""}","2026-06-11 23:09:02.275682","2026-06-11 23:09:02.275682"
"2e1844fd-6052-457c-baab-d1f255ac22ac","public_health","CAHAN Disease Notification - California focused Ebola CAHAN alert","This CAHAN message supplements the CDC HAN by providing additional California-specific context and guidance for local health departments and ...","https://ochealthinfo.com/cd-news-alert/cahan-disease-notification-california-focused-ebola-cahan-alert",,"ochealthinfo.com","medium",,"{""title"":""CAHAN Disease Notification - California focused Ebola CAHAN alert"",""link"":""https://ochealthinfo.com/cd-news-alert/cahan-disease-notification-california-focused-ebola-cahan-alert"",""snippet"":""This CAHAN message supplements the CDC HAN by providing additional California-specific context and guidance for local health departments and ..."",""date"":""May 22, 2026""}","2026-05-31 23:06:26.713998","2026-05-31 23:06:26.713998"
"3113f000-3623-4e17-8110-773ef08a36fe","public_health","Health Alert Network (HAN) - CDC Stacks","The Health Alert Network (HAN) is CDC's primary method of sharing cleared information about urgent public health incidents with public ...","https://stacks.cdc.gov/cbrowse?parentId=cdc:24915",,"stacks.cdc.gov","high",,"{""title"":""Health Alert Network (HAN) - CDC Stacks"",""link"":""https://stacks.cdc.gov/cbrowse?parentId=cdc:24915"",""snippet"":""The Health Alert Network (HAN) is CDC's primary method of sharing cleared information about urgent public health incidents with public ...""}","2026-05-31 23:06:26.295941","2026-05-31 23:06:26.295941"
"31c3f740-7655-4927-9c08-404fa9c6e646","travel_advisory","CDC warns travelers about outbreak of untreatable ...","The CDC warned that Americans traveling to Brazil, Colombia, India, Mexico, Nigeria, Pakistan, the Philippines and Thailand may also face an ...","https://www.fox5dc.com/news/cdc-warns-travelers-about-outbreak-untreatable-mosquito-disease-4-countries",,"fox5dc.com","low",,"{""title"":""CDC warns travelers about outbreak of untreatable ..."",""link"":""https://www.fox5dc.com/news/cdc-warns-travelers-about-outbreak-untreatable-mosquito-disease-4-countries"",""snippet"":""The CDC warned that Americans traveling to Brazil, Colombia, India, Mexico, Nigeria, Pakistan, the Philippines and Thailand may also face an ..."",""date"":""Dec 9, 2025""}","2026-06-11 23:08:59.400017","2026-06-11 23:08:59.400017"
"332e8100-2598-4359-918c-f967c2f80889","public_health","Colorado Health Alert Network","The Colorado Health Alert Network (HAN) disseminates public health alerts and prevention guidelines to partners, providers, and key stakeholders.","https://cdphe.colorado.gov/health-alert-network",,"cdphe.colorado.gov","medium",,"{""title"":""Colorado Health Alert Network"",""link"":""https://cdphe.colorado.gov/health-alert-network"",""snippet"":""The Colorado Health Alert Network (HAN) disseminates public health alerts and prevention guidelines to partners, providers, and key stakeholders.""}","2026-05-31 23:06:26.226069","2026-05-31 23:06:26.226069"
"33fad2f5-6076-4a89-bfa8-b0f8151d23a4","travel_advisory","TravelGov | We issue Travel Advisories with Levels 1 – 4 ... - Instagram","We issue Travel Advisories with Levels 1 – 4. Level 4 means DO NOT TRAVEL. We assign Level 4 based on local conditions and/or our limited ...","https://www.instagram.com/p/DXuipOAEQL5/?hl=en",,"instagram.com","high",,"{""title"":""TravelGov | We issue Travel Advisories with Levels 1 – 4 ... - Instagram"",""link"":""https://www.instagram.com/p/DXuipOAEQL5/?hl=en"",""snippet"":""We issue Travel Advisories with Levels 1 – 4. Level 4 means DO NOT TRAVEL. We assign Level 4 based on local conditions and/or our limited ..."",""date"":""Apr 29, 2026""}","2026-06-11 23:08:59.122974","2026-06-11 23:08:59.122974"
"340ae871-09fc-44fe-bc44-0712485222ed","fda_recalls","HHP Medication Safety Watch: April 2025 - Harvard Health","Harvard Health Publishing shares selected recalls, withdrawals, and alerts from the FDA, drug and supplement makers, and other sources.","https://www.health.harvard.edu/hhp-medication-safety-watch-april-2025",,"health.harvard.edu","medium",,"{""title"":""HHP Medication Safety Watch: April 2025 - Harvard Health"",""link"":""https://www.health.harvard.edu/hhp-medication-safety-watch-april-2025"",""snippet"":""Harvard Health Publishing shares selected recalls, withdrawals, and alerts from the FDA, drug and supplement makers, and other sources.""}","2026-06-11 23:09:01.365158","2026-06-11 23:09:01.365158"
"34a60628-2c61-4ba5-9ee1-bfefb5582313","disaster","Presidential Major Disaster Declaration M4862 | Farm Service Agency","The president, signed a Presidential Major Disaster Declaration due to the severe storms, straight line winds, tornadoes, and flooding that affected Oklahoma.","https://www.fsa.usda.gov/news-events/news/03-18-2025/presidential-major-disaster-declaration-m4862",,"fsa.usda.gov","high",,"{""title"":""Presidential Major Disaster Declaration M4862 | Farm Service Agency"",""link"":""https://www.fsa.usda.gov/news-events/news/03-18-2025/presidential-major-disaster-declaration-m4862"",""snippet"":""The president, signed a Presidential Major Disaster Declaration due to the severe storms, straight line winds, tornadoes, and flooding that affected Oklahoma."",""date"":""Mar 18, 2025""}","2026-06-11 23:09:03.050949","2026-06-11 23:09:03.050949"
"3931bf80-c825-440a-b38d-9237f8cbb367","disaster","4892-DR-WI Initial Notice | FEMA.gov","SUPPLEMENTARY INFORMATION: Notice is hereby given that, in a letter dated September 11, 2025, the President issued a major disaster declaration ...","https://www.fema.gov/disaster-federal-register-notice/4892-dr-wi-initial-notice",,"fema.gov","high",,"{""title"":""4892-DR-WI Initial Notice | FEMA.gov"",""link"":""https://www.fema.gov/disaster-federal-register-notice/4892-dr-wi-initial-notice"",""snippet"":""SUPPLEMENTARY INFORMATION: Notice is hereby given that, in a letter dated September 11, 2025, the President issued a major disaster declaration ..."",""date"":""Sep 24, 2025""}","2026-06-11 23:09:02.661758","2026-06-11 23:09:02.661758"
"3cf2ebdd-d8f8-49c8-890b-f45634870198","disaster","New FEMA Major and Emergency Disaster Declarations","Search Your Location on FEMA's website to find active and past disaster declarations and helpful resources specific to your state or territory.","https://www.hudexchange.info/news/new-fema-major-disaster-declarations/",,"hudexchange.info","high",,"{""title"":""New FEMA Major and Emergency Disaster Declarations"",""link"":""https://www.hudexchange.info/news/new-fema-major-disaster-declarations/"",""snippet"":""Search Your Location on FEMA's website to find active and past disaster declarations and helpful resources specific to your state or territory."",""date"":""Nov 22, 2024""}","2026-06-11 23:09:02.726183","2026-06-11 23:09:02.726183"
"3db7b25d-1e7c-44a0-8e8d-cfc7c6949e9e","fda_recalls","Medical Product Safety Information - FDA","MedWatch alerts provide timely, actionable safety information on human drugs, medical devices, biologics, dietary supplements, ...","https://www.fda.gov/safety/medwatch-fda-safety-information-and-adverse-event-reporting-program/medical-product-safety-information",,"fda.gov","medium",,"{""title"":""Medical Product Safety Information - FDA"",""link"":""https://www.fda.gov/safety/medwatch-fda-safety-information-and-adverse-event-reporting-program/medical-product-safety-information"",""snippet"":""MedWatch alerts provide timely, actionable safety information on human drugs, medical devices, biologics, dietary supplements, ..."",""date"":""Oct 22, 2025""}","2026-06-11 23:09:00.535525","2026-06-11 23:09:00.535525"
"40838890-abb7-417a-89a4-91da12b5299a","fda_recalls","FDA Alert for Levothyroxine - American Thyroid Association","The FDA has upgraded an alert on levothyroxine tablets made by a specific manufacturer to a class II alert. Please visit the links below for ...","https://www.thyroid.org/fda-alert-levothyroxine-2025/",,"thyroid.org","medium",,"{""title"":""FDA Alert for Levothyroxine - American Thyroid Association"",""link"":""https://www.thyroid.org/fda-alert-levothyroxine-2025/"",""snippet"":""The FDA has upgraded an alert on levothyroxine tablets made by a specific manufacturer to a class II alert. Please visit the links below for ..."",""date"":""Aug 14, 2025""}","2026-06-11 23:09:01.502503","2026-06-11 23:09:01.502503"
"4083b18e-0266-413b-b1cb-6508964caab8","travel_advisory","Travel Advisory Guide: Level 4 Countries for U.S. Citizens","'Level 4' or 'Do Not Travel' is the highest advisory level, assigned to countries experiencing widespread violent crime, terrorism, Level 3: ...","https://www.squaremouth.com/travel-advice/travel-advisory-guide-level-4-countries-for-u-s-citizens",,"squaremouth.com","high",,"{""title"":""Travel Advisory Guide: Level 4 Countries for U.S. Citizens"",""link"":""https://www.squaremouth.com/travel-advice/travel-advisory-guide-level-4-countries-for-u-s-citizens"",""snippet"":""'Level 4' or 'Do Not Travel' is the highest advisory level, assigned to countries experiencing widespread violent crime, terrorism, Level 3: ..."",""date"":""Feb 25, 2025""}","2026-06-11 23:08:58.641195","2026-06-11 23:08:58.641195"
"40f2da3b-2b8c-41e6-8f4c-b559a4569909","travel_advisory","Table of Contents | Yellow Book - CDC","The CDC Yellow Book covers a variety of travel medicine topics for healthcare professionals. Severely Allergic Travelers. Overseas Injury and Death During ...","https://www.cdc.gov/yellow-book/hcp/contents/index.html",,"cdc.gov","low",,"{""title"":""Table of Contents | Yellow Book - CDC"",""link"":""https://www.cdc.gov/yellow-book/hcp/contents/index.html"",""snippet"":""The CDC Yellow Book covers a variety of travel medicine topics for healthcare professionals. Severely Allergic Travelers. Overseas Injury and Death During ...""}","2026-06-11 23:08:58.157616","2026-06-11 23:08:58.157616"
"416d9804-f7f0-4f0c-816a-02cd788f36a6","travel_advisory","Places the U.S. Government Warns Not to Travel Right Now","As of March 17, 21 countries have a Level 4 advisory, while 31 have a Level 3 warning. Overall, that's about a quarter of all countries that pose significantly ...","https://www.usnews.com/news/best-countries/articles/places-the-us-government-warns-not-to-travel-right-now",,"usnews.com","high",,"{""title"":""Places the U.S. Government Warns Not to Travel Right Now"",""link"":""https://www.usnews.com/news/best-countries/articles/places-the-us-government-warns-not-to-travel-right-now"",""snippet"":""As of March 17, 21 countries have a Level 4 advisory, while 31 have a Level 3 warning. Overall, that's about a quarter of all countries that pose significantly ...""}","2026-06-11 23:08:58.779268","2026-06-11 23:08:58.779268"
"41d60c42-3fe1-4adc-8d8b-a3eaba504de5","travel_advisory","Travelers' Health - CDC","Official U.S. government health recommendations for traveling. Provided by the U.S. Centers for Disease Control and Prevention (CDC).","https://wwwnc.cdc.gov/travel",,"wwwnc.cdc.gov","low",,"{""title"":""Travelers' Health - CDC"",""link"":""https://wwwnc.cdc.gov/travel"",""snippet"":""Official U.S. government health recommendations for traveling. Provided by the U.S. Centers for Disease Control and Prevention (CDC).""}","2026-06-11 23:08:57.949225","2026-06-11 23:08:57.949225"
"437cdb13-160f-4604-8a04-ecedead8e7ad","travel_advisory","U.S. - We issue Travel Advisories with Levels 1 – 4 ... - Facebook","Infographic with a list of countries currently with Level 4 Do Not Travel advisories. The.","https://www.facebook.com/travelgov/photos/we-issue-travel-advisories-with-levels-1-4-level-4-means-do-not-travel-we-assign/1299990582163989/",,"facebook.com","high",,"{""title"":""U.S. - We issue Travel Advisories with Levels 1 – 4 ... - Facebook"",""link"":""https://www.facebook.com/travelgov/photos/we-issue-travel-advisories-with-levels-1-4-level-4-means-do-not-travel-we-assign/1299990582163989/"",""snippet"":""Infographic with a list of countries currently with Level 4 Do Not Travel advisories. The."",""date"":""Jan 8, 2026""}","2026-06-11 23:08:58.916682","2026-06-11 23:08:58.916682"
"45e3b5dc-1c1c-4da6-98bd-3aba31272d03","disaster","Federal Disaster Declaration Fact Sheet | Senator Ted Cruz","On July 6, 2025, President Donald J. Trump granted a Major Disaster Declaration for the State of Texas triggering the release of federal funds to help ...","https://www.cruz.senate.gov/federal-disaster-declaration-fact-sheet",,"cruz.senate.gov","high",,"{""title"":""Federal Disaster Declaration Fact Sheet | Senator Ted Cruz"",""link"":""https://www.cruz.senate.gov/federal-disaster-declaration-fact-sheet"",""snippet"":""On July 6, 2025, President Donald J. Trump granted a Major Disaster Declaration for the State of Texas triggering the release of federal funds to help ...""}","2026-06-11 23:09:03.312107","2026-06-11 23:09:03.312107"
"46c7dc03-da24-4469-a4e8-6e8d7310b7e1","public_health","Washington Health Alert Network - 2025 Alert Messages","Washington Health Alert Network - 2025 Alert Messages ; 12/03/2025, Centers for Disease Control and Prevention, First Reported Outbreak Caused by Marburg Virus ...","https://doh.wa.gov/public-health-provider-resources/washington-health-alert-network/2025-alert-messages",,"doh.wa.gov","medium",,"{""title"":""Washington Health Alert Network - 2025 Alert Messages"",""link"":""https://doh.wa.gov/public-health-provider-resources/washington-health-alert-network/2025-alert-messages"",""snippet"":""Washington Health Alert Network - 2025 Alert Messages ; 12/03/2025, Centers for Disease Control and Prevention, First Reported Outbreak Caused by Marburg Virus ...""}","2026-05-31 23:06:26.504999","2026-05-31 23:06:26.504999"
"47868a74-1e86-4015-a428-f8c667740072","travel_advisory","Expanding Measles Outbreak in the United States and ...","As of March 7, 2025, Texas and New Mexico have reported 208 confirmed cases associated with this outbreak (198 in Texas and 10 in New Mexico).","https://www.cdc.gov/han/php/notices/han00522.html",,"cdc.gov","low",,"{""title"":""Expanding Measles Outbreak in the United States and ..."",""link"":""https://www.cdc.gov/han/php/notices/han00522.html"",""snippet"":""As of March 7, 2025, Texas and New Mexico have reported 208 confirmed cases associated with this outbreak (198 in Texas and 10 in New Mexico)."",""date"":""Mar 7, 2025""}","2026-06-11 23:08:59.331169","2026-06-11 23:08:59.331169"
"4b38026a-b4f3-46f8-a7c6-847c3d1ca310","disaster","Atlas of Disaster - Rebuild by Design","SEARCH YOUR STATE's DISASTER DECLARATIONS & FEDERAL ASSISTANCE. FEMA Disaster Declarations & Federal Assistance (2011-2024). fallback image. (Please use a ...","https://rebuildbydesign.org/atlas-of-disaster/",,"rebuildbydesign.org","low",,"{""title"":""Atlas of Disaster - Rebuild by Design"",""link"":""https://rebuildbydesign.org/atlas-of-disaster/"",""snippet"":""SEARCH YOUR STATE's DISASTER DECLARATIONS & FEDERAL ASSISTANCE. FEMA Disaster Declarations & Federal Assistance (2011-2024). fallback image. (Please use a ...""}","2026-06-11 23:09:02.211843","2026-06-11 23:09:02.211843"
"4cc68db4-6474-4fa7-8615-e756418178b5","fda_recalls","FDA medical device inspections in 2025: What we're seeing, what ...","As we move through 2025, FDA medical device inspections are revealing a clear shift in regulatory posture under the current administration.","https://www.hoganlovells.com/en/publications/fda-medical-device-inspections-in-2025",,"hoganlovells.com","low",,"{""title"":""FDA medical device inspections in 2025: What we're seeing, what ..."",""link"":""https://www.hoganlovells.com/en/publications/fda-medical-device-inspections-in-2025"",""snippet"":""As we move through 2025, FDA medical device inspections are revealing a clear shift in regulatory posture under the current administration."",""date"":""Sep 18, 2025""}","2026-06-11 23:09:01.981196","2026-06-11 23:09:01.981196"
"4e3a40d1-2869-499f-a24c-1d9f976970b5","disaster","Proposed Cuts to Federal Disaster Assistance Will Hit States Just as ...","In 2025, disasters with a PCI above $1.89 are considered eligible for a major disaster declaration. The federal government can and sometimes ...","https://www.urban.org/urban-wire/proposed-cuts-federal-disaster-assistance-will-hit-states-just-hurricane-season-ramps",,"urban.org","high",,"{""title"":""Proposed Cuts to Federal Disaster Assistance Will Hit States Just as ..."",""link"":""https://www.urban.org/urban-wire/proposed-cuts-federal-disaster-assistance-will-hit-states-just-hurricane-season-ramps"",""snippet"":""In 2025, disasters with a PCI above $1.89 are considered eligible for a major disaster declaration. The federal government can and sometimes ..."",""date"":""May 2, 2025""}","2026-06-11 23:09:03.182733","2026-06-11 23:09:03.182733"
"4f2e93da-aa57-44ed-9859-b044d284cfbf","public_health","2026 Hantavirus Outbreak: Testing for Potential Infection [May 18 ...","CDC first issued a Health Advisory (CDCHAN-00528) about this outbreak on May 8, 2026. Hantaviruses are a group of viruses that typically spread ...","https://stacks.cdc.gov/view/cdc/256554",,"stacks.cdc.gov","low",,"{""title"":""2026 Hantavirus Outbreak: Testing for Potential Infection [May 18 ..."",""link"":""https://stacks.cdc.gov/view/cdc/256554"",""snippet"":""CDC first issued a Health Advisory (CDCHAN-00528) about this outbreak on May 8, 2026. Hantaviruses are a group of viruses that typically spread ..."",""date"":""May 18, 2026""}","2026-05-31 23:06:25.944072","2026-05-31 23:06:25.944072"
"4fb30d25-93e4-4a67-8043-4289bc0801e2","disaster","FEMA: Increased Demand and Capacity Strains - Every CRS Report","Stafford Act Declaration Trends The average number of Stafford Act major disaster declarations has increased from an average of 39 per fiscal ...","https://www.everycrsreport.com/files/2025-01-02_IF12834_8e92084caee09d739a9898808ab4d0cc794ff499.html",,"everycrsreport.com","high",,"{""title"":""FEMA: Increased Demand and Capacity Strains - Every CRS Report"",""link"":""https://www.everycrsreport.com/files/2025-01-02_IF12834_8e92084caee09d739a9898808ab4d0cc794ff499.html"",""snippet"":""Stafford Act Declaration Trends The average number of Stafford Act major disaster declarations has increased from an average of 39 per fiscal ..."",""date"":""Jan 2, 2025""}","2026-06-11 23:09:02.468947","2026-06-11 23:09:02.468947"
"54c3777e-886a-4828-a0e1-42f5686f47b4","disaster","DHS: Disaster Declarations - Indiana State Government","Major Disaster Declaration for Public Assistance approved for spring 2025 severe storms and flooding. On July 22, 2025, President Donald Trump granted a ...","https://www.in.gov/dhs/emergency-management-and-preparedness/disaster-declarations/",,"in.gov","high",,"{""title"":""DHS: Disaster Declarations - Indiana State Government"",""link"":""https://www.in.gov/dhs/emergency-management-and-preparedness/disaster-declarations/"",""snippet"":""Major Disaster Declaration for Public Assistance approved for spring 2025 severe storms and flooding. On July 22, 2025, President Donald Trump granted a ...""}","2026-06-11 23:09:01.890401","2026-06-11 23:09:01.890401"
"58e12829-fa8f-407c-858c-139188462474","fda_recalls","Drug Recall Report - Community Health Plan of Washington","On 09/24/2025, ASCEND LABORATORIES LLC recalled ARIPIPRAZOLE 10 MG due to superpotent drug. The U.S. Food and Drug Administration (FDA) has issued a Class II ...","https://medicare.chpw.org/member-center/member-resources/prescription-drug-coverage/drug-recall-report/",,"medicare.chpw.org","low",,"{""title"":""Drug Recall Report - Community Health Plan of Washington"",""link"":""https://medicare.chpw.org/member-center/member-resources/prescription-drug-coverage/drug-recall-report/"",""snippet"":""On 09/24/2025, ASCEND LABORATORIES LLC recalled ARIPIPRAZOLE 10 MG due to superpotent drug. The U.S. Food and Drug Administration (FDA) has issued a Class II ...""}","2026-06-11 23:09:01.296262","2026-06-11 23:09:01.296262"
"5945e7a2-87ba-447a-912a-c33f20aa386e","public_health","CDC Alerts Clinicians About Potential for Imported Hantavirus Cases","The CDC has issued a Health Alert Network (HAN) health advisoryopens in a new tab or window on hantavirus, urging clinicians to be aware of ...","https://www.medpagetoday.com/infectiousdisease/generalinfectiousdisease/121192",,"medpagetoday.com","medium",,"{""title"":""CDC Alerts Clinicians About Potential for Imported Hantavirus Cases"",""link"":""https://www.medpagetoday.com/infectiousdisease/generalinfectiousdisease/121192"",""snippet"":""The CDC has issued a Health Alert Network (HAN) health advisoryopens in a new tab or window on hantavirus, urging clinicians to be aware of ..."",""date"":""May 12, 2026""}","2026-05-31 23:06:25.874137","2026-05-31 23:06:25.874137"
"5e1b91e2-2ec7-4304-a89b-e9eff4245c11","disaster","Current Disasters | FEMA.gov","Find resources and current information, including how to apply for federal assistance, during these ongoing major disaster declarations.","https://www.fema.gov/disaster/current",,"fema.gov","high",,"{""title"":""Current Disasters | FEMA.gov"",""link"":""https://www.fema.gov/disaster/current"",""snippet"":""Find resources and current information, including how to apply for federal assistance, during these ongoing major disaster declarations."",""date"":""Jun 1, 2026""}","2026-06-11 23:09:02.59728","2026-06-11 23:09:02.59728"
"60cf3a7d-1ef0-47bd-abb8-debed0ce58d1","public_health","Public Health Advisories - Ventura County Health Care Agency","CAHAN participants have the ability to receive alerts and notifications via, e-mail, phone (cellular and landline), and text message. Questions regarding CAHAN ...","https://hca.venturacounty.gov/public-health/advisories/",,"hca.venturacounty.gov","medium",,"{""title"":""Public Health Advisories - Ventura County Health Care Agency"",""link"":""https://hca.venturacounty.gov/public-health/advisories/"",""snippet"":""CAHAN participants have the ability to receive alerts and notifications via, e-mail, phone (cellular and landline), and text message. Questions regarding CAHAN ...""}","2026-05-31 23:06:26.922912","2026-05-31 23:06:26.922912"
"63f439af-fb59-4140-a4f6-c80a7a355b36","disaster","President Donald J. Trump Approves Major Disaster Declaration for ...","President Donald J. Trump Approves Major Disaster Declaration for Washington ; Release Date April 11, 2026, Release Number HQ-26-040 ...","https://www.fema.gov/press-release/20260411/president-donald-j-trump-approves-major-disaster-declaration-washington",,"fema.gov","high",,"{""title"":""President Donald J. Trump Approves Major Disaster Declaration for ..."",""link"":""https://www.fema.gov/press-release/20260411/president-donald-j-trump-approves-major-disaster-declaration-washington"",""snippet"":""President Donald J. Trump Approves Major Disaster Declaration for Washington ; Release Date April 11, 2026, Release Number HQ-26-040 ..."",""date"":""Apr 11, 2026""}","2026-06-11 23:09:01.634098","2026-06-11 23:09:01.634098"
"64679ebd-0603-4d69-8ae3-0170d8b299cd","travel_advisory","See travel advisories and register in STEP - USAGov","Level 3 - Reconsider travel. There may be serious risks involved when you travel to countries under a level 3 alert. Level 4 - Do not travel.","https://www.usa.gov/travel-advisory",,"usa.gov","high",,"{""title"":""See travel advisories and register in STEP - USAGov"",""link"":""https://www.usa.gov/travel-advisory"",""snippet"":""Level 3 - Reconsider travel. There may be serious risks involved when you travel to countries under a level 3 alert. Level 4 - Do not travel."",""date"":""Mar 26, 2026""}","2026-06-11 23:08:58.847964","2026-06-11 23:08:58.847964"
"65011ed4-3c1c-4816-96fd-93b779dc50df","travel_advisory","Destinations | Travelers' Health - CDC","CDC recommends all travelers get fully vaccinated against measles before traveling to any international destination.","https://wwwnc.cdc.gov/travel/destinations/list",,"wwwnc.cdc.gov","low",,"{""title"":""Destinations | Travelers' Health - CDC"",""link"":""https://wwwnc.cdc.gov/travel/destinations/list"",""snippet"":""CDC recommends all travelers get fully vaccinated against measles before traveling to any international destination.""}","2026-06-11 23:08:58.018171","2026-06-11 23:08:58.018171"
"65dde598-7474-420f-9e1a-3ef482d8f831","fda_recalls","Drug Recalls, Withdrawals & Warnings (FDA Alerts) - Drugs.com","Get the latest up-to-date information on FDA drug recalls, withdrawals, and warnings. Subscribe to alerts by email, app notification, or news feeds.","https://www.drugs.com/fda_alerts.html",,"drugs.com","medium",,"{""title"":""Drug Recalls, Withdrawals & Warnings (FDA Alerts) - Drugs.com"",""link"":""https://www.drugs.com/fda_alerts.html"",""snippet"":""Get the latest up-to-date information on FDA drug recalls, withdrawals, and warnings. Subscribe to alerts by email, app notification, or news feeds.""}","2026-06-11 23:09:00.673838","2026-06-11 23:09:00.673838"
"6836eef3-5ead-406a-a4eb-5afe39d70a12","disaster","FEMA Major Disaster Declaration - Virginia Severe Winter Storms ...","FEMA has issued a Major Disaster Declaration for areas of Virginia affected by severe winter storms and flooding from February 10-18, 2025.","https://safeguardproperties.com/fema-major-disaster-declaration-virginia-severe-winter-storms-and-flooding/",,"safeguardproperties.com","high",,"{""title"":""FEMA Major Disaster Declaration - Virginia Severe Winter Storms ..."",""link"":""https://safeguardproperties.com/fema-major-disaster-declaration-virginia-severe-winter-storms-and-flooding/"",""snippet"":""FEMA has issued a Major Disaster Declaration for areas of Virginia affected by severe winter storms and flooding from February 10-18, 2025."",""date"":""Apr 4, 2025""}","2026-06-11 23:09:02.854382","2026-06-11 23:09:02.854382"
"684202b9-95b1-41ed-bcf8-6bb43739d64f","disaster","Home | disasterassistance.gov","We can help you apply for FEMA disaster assistance and guide you to other resources to help you recover.","http://www.disasterassistance.gov/",,"disasterassistance.gov","low",,"{""title"":""Home | disasterassistance.gov"",""link"":""http://www.disasterassistance.gov/"",""snippet"":""We can help you apply for FEMA disaster assistance and guide you to other resources to help you recover.""}","2026-06-11 23:09:01.762474","2026-06-11 23:09:01.762474"
"6ae04289-2b8f-44d3-a131-3cf519a9b098","travel_advisory","Travel Advisories","4 - Do not travel This is the highest advisory level 4: Advisory Level 3: Reconsider Travel March. Advisory Level 4: Do Not Travel December 19, 2025 Zambia ...","https://travel.state.gov/content/travel/en/traveladvisories/traveladvisories..html",,"travel.state.gov","high",,"{""title"":""Travel Advisories"",""link"":""https://travel.state.gov/content/travel/en/traveladvisories/traveladvisories..html"",""snippet"":""4 - Do not travel This is the highest advisory level 4: Advisory Level 3: Reconsider Travel March. Advisory Level 4: Do Not Travel December 19, 2025 Zambia ...""}","2026-06-11 23:08:58.709767","2026-06-11 23:08:58.709767"
"6cfa33f2-73da-44dc-8524-6544809b285d","fda_recalls","Dozens of Generic Medications Recalled Due to Quality Issues - AARP","Several generic drugs were recalled over quality concerns; check lot numbers and talk to your pharmacist if your medication is affected.","https://www.aarp.org/health/drugs-supplements/generic-drugs-medications-recall-april-2025/",,"aarp.org","low",,"{""title"":""Dozens of Generic Medications Recalled Due to Quality Issues - AARP"",""link"":""https://www.aarp.org/health/drugs-supplements/generic-drugs-medications-recall-april-2025/"",""snippet"":""Several generic drugs were recalled over quality concerns; check lot numbers and talk to your pharmacist if your medication is affected."",""date"":""Apr 17, 2025""}","2026-06-11 23:09:01.158342","2026-06-11 23:09:01.158342"
"6ee54741-ad7b-42fe-8c90-4069870ed803","fda_recalls","2025 Medical Device Recalls: The Most Serious Events Reported by ...","The FDA confirmed 376 Class I recalls in 2025. This analysis examines a subset of 107 events published on the agency's website—each one a ...","https://www.linkedin.com/pulse/2025-medical-device-recalls-most-serious-events-reported-rivel-m4g1e",,"linkedin.com","low",,"{""title"":""2025 Medical Device Recalls: The Most Serious Events Reported by ..."",""link"":""https://www.linkedin.com/pulse/2025-medical-device-recalls-most-serious-events-reported-rivel-m4g1e"",""snippet"":""The FDA confirmed 376 Class I recalls in 2025. This analysis examines a subset of 107 events published on the agency's website—each one a ..."",""date"":""Feb 18, 2026""}","2026-06-11 23:09:00.811385","2026-06-11 23:09:00.811385"
"6f3f7d1a-62ee-4e3b-981c-8d9f7bead4e3","fda_recalls","Drug Safety and Availability - FDA","Information for consumers and health professionals on new drug warnings and other safety information, drug label changes, and shortages of medically necessary ...","https://www.fda.gov/drugs/drug-safety-and-availability",,"fda.gov","low",,"{""title"":""Drug Safety and Availability - FDA"",""link"":""https://www.fda.gov/drugs/drug-safety-and-availability"",""snippet"":""Information for consumers and health professionals on new drug warnings and other safety information, drug label changes, and shortages of medically necessary ...""}","2026-06-11 23:09:01.227328","2026-06-11 23:09:01.227328"
"705c3e92-e2b3-4a6d-b316-cee267a1486b","disaster","The FEMA Act of 2025: An Overview - EveryCRSReport.com","Title IV would also require the President to provide a detailed justification of a denial or approval to governors requesting a major disaster ...","https://www.everycrsreport.com/reports/R48856.html",,"everycrsreport.com","high",,"{""title"":""The FEMA Act of 2025: An Overview - EveryCRSReport.com"",""link"":""https://www.everycrsreport.com/reports/R48856.html"",""snippet"":""Title IV would also require the President to provide a detailed justification of a denial or approval to governors requesting a major disaster ..."",""date"":""Jan 29, 2026""}","2026-06-11 23:09:02.018959","2026-06-11 23:09:02.018959"
"70bd46b8-99ad-4567-b97e-ec665d8693dc","travel_advisory","Travel Advisories - State Department","Levels 1 and 2: Every 12 months. Levels 3 and 4: At least every 6 months. A Travel Advisory will also be updated any time conditions change substantially.","https://travel.state.gov/en/international-travel/travel-advisories.html",,"travel.state.gov","low",,"{""title"":""Travel Advisories - State Department"",""link"":""https://travel.state.gov/en/international-travel/travel-advisories.html"",""snippet"":""Levels 1 and 2: Every 12 months. Levels 3 and 4: At least every 6 months. A Travel Advisory will also be updated any time conditions change substantially.""}","2026-06-11 23:08:58.503736","2026-06-11 23:08:58.503736"
"7517ce69-f9fd-418e-8afe-de653620e0b8","disaster","rearc-data/fema-disaster-declarations-summaries: OpenFEMA Dataset","This dataset lists all official FEMA Disaster Declarations, beginning with the first disaster declaration in 1953 and features all three disaster declaration ...","https://github.com/rearc-data/fema-disaster-declarations-summaries",,"github.com","low",,"{""title"":""rearc-data/fema-disaster-declarations-summaries: OpenFEMA Dataset"",""link"":""https://github.com/rearc-data/fema-disaster-declarations-summaries"",""snippet"":""This dataset lists all official FEMA Disaster Declarations, beginning with the first disaster declaration in 1953 and features all three disaster declaration ...""}","2026-06-11 23:09:02.533187","2026-06-11 23:09:02.533187"
"77d2162b-3f0a-4783-b3ac-acbbb123fa6b","fda_recalls","Medical Device Recalls and Early Alerts - FDA","Update – September 29, 2025. CDRH is expanding the Communications Pilot to Enhance the Medical Device Recall Program to include all medical ...","https://www.fda.gov/medical-devices/medical-device-safety/medical-device-recalls-and-early-alerts",,"fda.gov","medium",,"{""title"":""Medical Device Recalls and Early Alerts - FDA"",""link"":""https://www.fda.gov/medical-devices/medical-device-safety/medical-device-recalls-and-early-alerts"",""snippet"":""Update – September 29, 2025. CDRH is expanding the Communications Pilot to Enhance the Medical Device Recall Program to include all medical ..."",""date"":""4 days ago""}","2026-06-11 23:09:00.328764","2026-06-11 23:09:00.328764"
"78cac7f6-c0e3-4646-89f4-cd6c83908149","disaster","FEMA.gov: Home","Major Disaster Declaration: Hawaii. Individual and public assistance are now available for the areas affected by severe storms, flooding, landslides and ...","https://www.fema.gov/home",,"fema.gov","high",,"{""title"":""FEMA.gov: Home"",""link"":""https://www.fema.gov/home"",""snippet"":""Major Disaster Declaration: Hawaii. Individual and public assistance are now available for the areas affected by severe storms, flooding, landslides and ...""}","2026-06-11 23:09:01.570131","2026-06-11 23:09:01.570131"
"7b27d622-ec88-4acb-a15d-0f5979755ad7","disaster","DHS Announces Six Major Disaster Declarations Approved Last ...","DHS, through FEMA, announced that President Trump has approved six major disaster declarations to support locally led recovery efforts in ...","https://www.dhs.gov/news/2025/09/15/dhs-announces-six-major-disaster-declarations-approved-last-week-supporting",,"dhs.gov","high",,"{""title"":""DHS Announces Six Major Disaster Declarations Approved Last ..."",""link"":""https://www.dhs.gov/news/2025/09/15/dhs-announces-six-major-disaster-declarations-approved-last-week-supporting"",""snippet"":""DHS, through FEMA, announced that President Trump has approved six major disaster declarations to support locally led recovery efforts in ..."",""date"":""Sep 15, 2025""}","2026-06-11 23:09:02.147684","2026-06-11 23:09:02.147684"
"7b785a45-a898-4a61-9e87-b85c9b868619","public_health","Public health experts encouraged residents to use the ... - Instagram","123 likes, 6 comments - 9newsdenver on December 12, 2025: ""Public health experts encouraged residents to use the resource during peak ...","https://www.instagram.com/reel/DSKTAS8EiCi/",,"instagram.com","low",,"{""title"":""Public health experts encouraged residents to use the ... - Instagram"",""link"":""https://www.instagram.com/reel/DSKTAS8EiCi/"",""snippet"":""123 likes, 6 comments - 9newsdenver on December 12, 2025: \""Public health experts encouraged residents to use the resource during peak ..."",""date"":""Dec 12, 2025""}","2026-05-31 23:06:26.574604","2026-05-31 23:06:26.574604"
"8333473a-5401-4034-a3da-dfe7b2ac3ed0","fda_recalls","Drug Recalls - FDA","Jump to Recall Announcements. A drug recall is one of the most effective ways to protect consumers from a defective or potentially harmful medicine.","https://www.fda.gov/drugs/drug-safety-and-availability/drug-recalls",,"fda.gov","low",,"{""title"":""Drug Recalls - FDA"",""link"":""https://www.fda.gov/drugs/drug-safety-and-availability/drug-recalls"",""snippet"":""Jump to Recall Announcements. A drug recall is one of the most effective ways to protect consumers from a defective or potentially harmful medicine.""}","2026-06-11 23:09:00.949392","2026-06-11 23:09:00.949392"
"84828141-bd6b-426c-b02f-329d508b5563","public_health","A drop in CDC health alerts leaves doctors 'flying blind' - NPR","The CDC issued just six alerts from the agency's Health Alert Network in 2025. ... CDC never issued a HAN about recent outbreaks of ...","https://www.npr.org/2026/02/06/nx-s1-5689923/drop-in-cdc-health-alerts-hans",,"npr.org","medium",,"{""title"":""A drop in CDC health alerts leaves doctors 'flying blind' - NPR"",""link"":""https://www.npr.org/2026/02/06/nx-s1-5689923/drop-in-cdc-health-alerts-hans"",""snippet"":""The CDC issued just six alerts from the agency's Health Alert Network in 2025. ... CDC never issued a HAN about recent outbreaks of ..."",""date"":""Feb 6, 2026""}","2026-05-31 23:06:26.013779","2026-05-31 23:06:26.013779"
"85a7cbee-9ec9-47a9-8a96-64a1a30305ec","travel_advisory","Public Health: U.S. CDC Travel Health Notices - MSK Library Guides","CDC Travel Notices · Level 2 - Malaria in MayotteThis link opens in a new window Jun 1, 2026 · Level 1 - Diphtheria in Sub-Saharan AfricaThis link opens in a new ...","https://libguides.mskcc.org/publichealth/resources/travelnotices",,"libguides.mskcc.org","low",,"{""title"":""Public Health: U.S. CDC Travel Health Notices - MSK Library Guides"",""link"":""https://libguides.mskcc.org/publichealth/resources/travelnotices"",""snippet"":""CDC Travel Notices · Level 2 - Malaria in MayotteThis link opens in a new window Jun 1, 2026 · Level 1 - Diphtheria in Sub-Saharan AfricaThis link opens in a new ...""}","2026-06-11 23:08:57.880034","2026-06-11 23:08:57.880034"
"864cec22-85ac-4df8-86b7-25019c946a22","fda_recalls","Medical Device Safety - FDA","Subscribe to Medical Device Safety and Recalls. Sign up to receive email updates on medical device recalls, safety communications, and other safety information.","https://www.fda.gov/medical-devices/medical-device-safety",,"fda.gov","low",,"{""title"":""Medical Device Safety - FDA"",""link"":""https://www.fda.gov/medical-devices/medical-device-safety"",""snippet"":""Subscribe to Medical Device Safety and Recalls. Sign up to receive email updates on medical device recalls, safety communications, and other safety information.""}","2026-06-11 23:09:01.571126","2026-06-11 23:09:01.571126"
"87fbad0e-8d01-4441-99bf-21df80132d45","disaster","Governor Abbott Announces Federal Disaster Declaration For South ...","Governor Greg Abbott today announced that four South Texas counties have been approved for federal disaster assistance as part of a Major Disaster Declaration.","https://tdem.texas.gov/press-release/5-23-25",,"tdem.texas.gov","high",,"{""title"":""Governor Abbott Announces Federal Disaster Declaration For South ..."",""link"":""https://tdem.texas.gov/press-release/5-23-25"",""snippet"":""Governor Greg Abbott today announced that four South Texas counties have been approved for federal disaster assistance as part of a Major Disaster Declaration."",""date"":""May 23, 2025""}","2026-06-11 23:09:03.247375","2026-06-11 23:09:03.247375"
"881e8d71-60ac-4b87-a942-c5c962e4f116","fda_recalls","FDA Alerts | Clinical Research Resource HUB","MedWatch alerts provide timely new safety information on human drugs, medical devices, vaccines and other biologics, dietary supplements, and cosmetics.","https://hub.ucsf.edu/fda-alerts",,"hub.ucsf.edu","medium",,"{""title"":""FDA Alerts | Clinical Research Resource HUB"",""link"":""https://hub.ucsf.edu/fda-alerts"",""snippet"":""MedWatch alerts provide timely new safety information on human drugs, medical devices, vaccines and other biologics, dietary supplements, and cosmetics.""}","2026-06-11 23:09:01.912288","2026-06-11 23:09:01.912288"
"889b240b-9e9e-4b28-813e-9fea6c90fb9a","disaster","Press Releases | FEMA.gov","All Disaster Declarations · Assistance After a Disaster · Businesses · Governments and Private Non-Profits · Individuals and Families · Tools to Recover ...","https://www.fema.gov/about/news-multimedia/press-releases",,"fema.gov","low",,"{""title"":""Press Releases | FEMA.gov"",""link"":""https://www.fema.gov/about/news-multimedia/press-releases"",""snippet"":""All Disaster Declarations · Assistance After a Disaster · Businesses · Governments and Private Non-Profits · Individuals and Families · Tools to Recover ...""}","2026-06-11 23:09:02.083358","2026-06-11 23:09:02.083358"
"8a6d16ec-a316-46a1-af88-5f898f87eb9b","public_health","2026 Multi-country Hantavirus Cluster Linked to Cruise Ship","CDC Health Alert Network (HAN) Health Advisory: 2026 Multi-country Hantavirus Cluster Linked to Cruise Ship. Missouri Department of Health ...","https://content.govdelivery.com/accounts/MODHSS/bulletins/416935b",,"content.govdelivery.com","medium",,"{""title"":""2026 Multi-country Hantavirus Cluster Linked to Cruise Ship"",""link"":""https://content.govdelivery.com/accounts/MODHSS/bulletins/416935b"",""snippet"":""CDC Health Alert Network (HAN) Health Advisory: 2026 Multi-country Hantavirus Cluster Linked to Cruise Ship. Missouri Department of Health ..."",""date"":""May 10, 2026""}","2026-05-31 23:06:25.804117","2026-05-31 23:06:25.804117"
"91ac8110-0c24-438c-ad9b-b6d57e305bdd","public_health","CAHAN Disease Notification – CDC Health Alert Network (HAN ...","CDC first issued a Health Advisory (HAN-00528) about this outbreak on May 8, 2026. Hantaviruses are a group of viruses that typically spread to ...","https://www.ochealthinfo.com/cd-news-alert/cahan-disease-notification-cdc-health-alert-network-han-health-update-2026-hantavirus",,"ochealthinfo.com","medium",,"{""title"":""CAHAN Disease Notification – CDC Health Alert Network (HAN ..."",""link"":""https://www.ochealthinfo.com/cd-news-alert/cahan-disease-notification-cdc-health-alert-network-han-health-update-2026-hantavirus"",""snippet"":""CDC first issued a Health Advisory (HAN-00528) about this outbreak on May 8, 2026. Hantaviruses are a group of viruses that typically spread to ..."",""date"":""May 19, 2026""}","2026-05-31 23:06:25.525529","2026-05-31 23:06:25.525529"
"951da103-6c9c-45ed-9bba-5e94de9e8aa7","public_health","Colorado Health Alert Network (HAN)","HAN Alert - Measles case identified in Pueblo County, Colorado (March 31, 2025) · HAN Update - Additional potential exposure location to previously reported ...","https://cdphe.colorado.gov/dcphr/han",,"cdphe.colorado.gov","medium",,"{""title"":""Colorado Health Alert Network (HAN)"",""link"":""https://cdphe.colorado.gov/dcphr/han"",""snippet"":""HAN Alert - Measles case identified in Pueblo County, Colorado (March 31, 2025) · HAN Update - Additional potential exposure location to previously reported ...""}","2026-05-31 23:06:26.083719","2026-05-31 23:06:26.083719"
"96e54554-1388-4d2d-ac0c-e5d987b895b7","disaster","Federal Disaster Declaration Approved for Tennessee Counties ...","The Tennessee counties that are approved to receive FEMA Public Assistance include Cheatham, Davidson, Decatur, Dyer, Fayette, Gibson, Grundy, ...","https://www.tn.gov/governor/news/2025/6/20/federal-disaster-declaration-approved-for-tennessee-counties-from-april-storms-.html",,"tn.gov","low",,"{""title"":""Federal Disaster Declaration Approved for Tennessee Counties ..."",""link"":""https://www.tn.gov/governor/news/2025/6/20/federal-disaster-declaration-approved-for-tennessee-counties-from-april-storms-.html"",""snippet"":""The Tennessee counties that are approved to receive FEMA Public Assistance include Cheatham, Davidson, Decatur, Dyer, Fayette, Gibson, Grundy, ..."",""date"":""Jun 20, 2025""}","2026-06-11 23:09:02.918456","2026-06-11 23:09:02.918456"
"9f0589b0-3ab9-4a41-a902-1f0cf2fcdcbc","public_health","Los Angeles Health Alert Network","The Department of Public Health (DPH) emails priority communications to health care professionals through LAHAN. Topics include local or national disease ...","http://publichealth.lacounty.gov/lahan/",,"publichealth.lacounty.gov","medium",,"{""title"":""Los Angeles Health Alert Network"",""link"":""http://publichealth.lacounty.gov/lahan/"",""snippet"":""The Department of Public Health (DPH) emails priority communications to health care professionals through LAHAN. Topics include local or national disease ...""}","2026-05-31 23:06:26.783758","2026-05-31 23:06:26.783758"
"a5edd147-f901-474b-aa3b-c593c9f1af23","public_health","Public Health Alerts - WHN","The United States is experiencing its worst measles outbreak in over three decades, with 935 confirmed cases and three deaths reported as of early May 2025, ...","https://whn.global/public-health-alerts/",,"whn.global","medium",,"{""title"":""Public Health Alerts - WHN"",""link"":""https://whn.global/public-health-alerts/"",""snippet"":""The United States is experiencing its worst measles outbreak in over three decades, with 935 confirmed cases and three deaths reported as of early May 2025, ...""}","2026-05-31 23:06:26.153618","2026-05-31 23:06:26.153618"
"a67e124f-33cc-4912-bc4c-ae351e9497ee","public_health","Health Alerts and Advisories | Napa County, CA","The California Health Alert Network (CAHAN) is the State of California's web-based information and communications system for distribution of health alerts, ...","https://www.napacounty.gov/588/Health-Alerts-and-Advisories",,"napacounty.gov","medium",,"{""title"":""Health Alerts and Advisories | Napa County, CA"",""link"":""https://www.napacounty.gov/588/Health-Alerts-and-Advisories"",""snippet"":""The California Health Alert Network (CAHAN) is the State of California's web-based information and communications system for distribution of health alerts, ...""}","2026-05-31 23:06:26.992812","2026-05-31 23:06:26.992812"
"a6b9c65a-d8bf-4944-becd-58c7802aebe9","disaster","[PDF] US in Disaster - Analysis of FEMA Data","In total in 2024 there were 108 declarations counting both Major Disasters and. Emergencies, which amounts to one Disaster or Emergency declaration every 3 days ...","https://www.iied.org/sites/default/files/uploads/2025/03/IIED_FEMA_Disasters_Factsheet_Mar2025.pdf",,"iied.org","high",,"{""title"":""[PDF] US in Disaster - Analysis of FEMA Data"",""link"":""https://www.iied.org/sites/default/files/uploads/2025/03/IIED_FEMA_Disasters_Factsheet_Mar2025.pdf"",""snippet"":""In total in 2024 there were 108 declarations counting both Major Disasters and. Emergencies, which amounts to one Disaster or Emergency declaration every 3 days ...""}","2026-06-11 23:09:02.339883","2026-06-11 23:09:02.339883"
"a6ea0db1-5f0d-482e-a986-eaa7b7b75021","disaster","[PDF] DECLARED DECEMBER 12, 2025","Specifically, FEMA is authorized to provide emergency protective measures (Category B), limited to direct federal assistance, under the Public ...","https://governor.wa.gov/sites/default/files/2025-12/SUMMARY%203629-EM.pdf?utm",,"governor.wa.gov","high",,"{""title"":""[PDF] DECLARED DECEMBER 12, 2025"",""link"":""https://governor.wa.gov/sites/default/files/2025-12/SUMMARY%203629-EM.pdf?utm"",""snippet"":""Specifically, FEMA is authorized to provide emergency protective measures (Category B), limited to direct federal assistance, under the Public ..."",""date"":""Dec 12, 2025""}","2026-06-11 23:09:02.404385","2026-06-11 23:09:02.404385"
"a923ef8d-be2f-459b-ba2b-1a2ffa9275b2","travel_advisory","Travel Health Update: July/August 2025","There are level 2 travel health notices for chikungunya outbreaks in the department of Santa Cruz in Bolivia, several countries in Africa and Southeast Asia. ...","https://content.govdelivery.com/accounts/WIDHS/bulletins/3ef6c44",,"content.govdelivery.com","low",,"{""title"":""Travel Health Update: July/August 2025"",""link"":""https://content.govdelivery.com/accounts/WIDHS/bulletins/3ef6c44"",""snippet"":""There are level 2 travel health notices for chikungunya outbreaks in the department of Santa Cruz in Bolivia, several countries in Africa and Southeast Asia. ...""}","2026-06-11 23:08:59.191932","2026-06-11 23:08:59.191932"
"ab7ab32a-f79e-47e3-9ff1-93cbc989263b","public_health","Public Health Alerts","112437-7-30-2025-PHAL, 7/30/2025, Health Alert: Prescriber Disruption in Northeast NJ ; 112405-6-4-2025-PHAL, 6/4/2025, Health Alert: Patients at risk of ...","https://phm.njlincs.net/",,"phm.njlincs.net","medium",,"{""title"":""Public Health Alerts"",""link"":""https://phm.njlincs.net/"",""snippet"":""112437-7-30-2025-PHAL, 7/30/2025, Health Alert: Prescriber Disruption in Northeast NJ ; 112405-6-4-2025-PHAL, 6/4/2025, Health Alert: Patients at risk of ...""}","2026-05-31 23:06:26.365705","2026-05-31 23:06:26.365705"
"ad11fbbc-3504-42e4-8479-dd63dcab8b6b","public_health","Health Alert Network (HAN) - CDC","CDC's Health Alert Network (HAN) is CDC's primary method of sharing cleared information about urgent public health incidents with public information officers.","https://www.cdc.gov/han/php/about/index.html",,"cdc.gov","high",,"{""title"":""Health Alert Network (HAN) - CDC"",""link"":""https://www.cdc.gov/han/php/about/index.html"",""snippet"":""CDC's Health Alert Network (HAN) is CDC's primary method of sharing cleared information about urgent public health incidents with public information officers."",""date"":""Apr 15, 2025""}","2026-05-31 23:06:25.664626","2026-05-31 23:06:25.664626"
"ad65e482-55a5-4e4f-ae73-65eed6c2b8f7","disaster","Disaster Information | FEMA.gov","Learn about the formal disaster declaration process, disaster types, how FEMA gets involved, and other resources.","https://www.fema.gov/disaster",,"fema.gov","low",,"{""title"":""Disaster Information | FEMA.gov"",""link"":""https://www.fema.gov/disaster"",""snippet"":""Learn about the formal disaster declaration process, disaster types, how FEMA gets involved, and other resources."",""date"":""Feb 27, 2025""}","2026-06-11 23:09:02.790214","2026-06-11 23:09:02.790214"
"ad72320d-42c7-4da0-a9ee-d174702882e4","fda_recalls","MedWatch The FDA Safety Information and Adverse Event ... - Scribd","The document lists various safety alerts and recalls issued by the FDA from January 2025 to April 2024, highlighting significant concerns regarding medical ...","https://www.scribd.com/document/831403467/MedWatch-the-FDA-Safety-Information-and-Adverse-Event-Reporting-Program-FDA-1",,"scribd.com","medium",,"{""title"":""MedWatch The FDA Safety Information and Adverse Event ... - Scribd"",""link"":""https://www.scribd.com/document/831403467/MedWatch-the-FDA-Safety-Information-and-Adverse-Event-Reporting-Program-FDA-1"",""snippet"":""The document lists various safety alerts and recalls issued by the FDA from January 2025 to April 2024, highlighting significant concerns regarding medical ...""}","2026-06-11 23:09:00.88031","2026-06-11 23:09:00.88031"
"b2afcd46-bef7-4581-b64a-f3c9354debf0","travel_advisory","State Department updates travel advisories for 2025: See the list","Level 3 urges travelers to ""reconsider travel."" Level 4, the highest of the travel warnings from the State Department, places a ""Do Not Travel"" ...","https://www.9news.com/article/news/nation-world/travel-advisories-countries-list-state-department/507-fa599a49-727c-4587-aeb9-ce968e77ea6b",,"9news.com","high",,"{""title"":""State Department updates travel advisories for 2025: See the list"",""link"":""https://www.9news.com/article/news/nation-world/travel-advisories-countries-list-state-department/507-fa599a49-727c-4587-aeb9-ce968e77ea6b"",""snippet"":""Level 3 urges travelers to \""reconsider travel.\"" Level 4, the highest of the travel warnings from the State Department, places a \""Do Not Travel\"" ..."",""date"":""Apr 7, 2025""}","2026-06-11 23:08:59.054218","2026-06-11 23:08:59.054218"
"b50f2cf8-b944-44a6-b149-eaa155916f50","fda_recalls","How Early is Too Early? CDRH Expands Early Alert ... - FDA Law Blog","On September 29, 2025, FDA announced that it would be expanding its use of “Early Alert” communications for potentially high-risk device ...","https://www.thefdalawblog.com/2025/10/how-early-is-too-early-cdrh-expands-early-alert-communications-for-potentially-high-risk-device-recalls/",,"thefdalawblog.com","medium",,"{""title"":""How Early is Too Early? CDRH Expands Early Alert ... - FDA Law Blog"",""link"":""https://www.thefdalawblog.com/2025/10/how-early-is-too-early-cdrh-expands-early-alert-communications-for-potentially-high-risk-device-recalls/"",""snippet"":""On September 29, 2025, FDA announced that it would be expanding its use of “Early Alert” communications for potentially high-risk device ..."",""date"":""Oct 1, 2025""}","2026-06-11 23:09:00.742567","2026-06-11 23:09:00.742567"
"b5ca44c9-c87e-4f8a-8f46-4e0aab0bbe8a","travel_advisory","United States - Traveler view | Travelers' Health - CDC","Official U.S. government health recommendations for traveling. Provided by the U.S. Centers for Disease Control and Prevention (CDC).","https://wwwnc.cdc.gov/travel/destinations/traveler/none/united-states",,"wwwnc.cdc.gov","low",,"{""title"":""United States - Traveler view | Travelers' Health - CDC"",""link"":""https://wwwnc.cdc.gov/travel/destinations/traveler/none/united-states"",""snippet"":""Official U.S. government health recommendations for traveling. Provided by the U.S. Centers for Disease Control and Prevention (CDC).""}","2026-06-11 23:08:58.296455","2026-06-11 23:08:58.296455"
"b9e64311-d52c-4f83-bf80-f701f8b49365","public_health","CAHAN San Diego Archives","See below for previous alerts sent to the San Diego medical and public health community. For alerts sent in 2025-2026, see Current CAHAN San Diego Alerts.","https://www.sandiegocounty.gov/content/sdc/hhsa/programs/phs/cahan_san_diego/archives.html",,"sandiegocounty.gov","medium",,"{""title"":""CAHAN San Diego Archives"",""link"":""https://www.sandiegocounty.gov/content/sdc/hhsa/programs/phs/cahan_san_diego/archives.html"",""snippet"":""See below for previous alerts sent to the San Diego medical and public health community. For alerts sent in 2025-2026, see Current CAHAN San Diego Alerts.""}","2026-05-31 23:06:27.063188","2026-05-31 23:06:27.063188"
"bb1bdca6-d006-4237-b853-ba59a9459848","public_health","California Health Alerts - CDPH - CA.gov","The California Health Alert Network (CAHAN) is the official public health alerting and notification program for California.","https://www.cdph.ca.gov/Programs/OPA/Pages/CAHAN/CAHAN.aspx",,"cdph.ca.gov","medium",,"{""title"":""California Health Alerts - CDPH - CA.gov"",""link"":""https://www.cdph.ca.gov/Programs/OPA/Pages/CAHAN/CAHAN.aspx"",""snippet"":""The California Health Alert Network (CAHAN) is the official public health alerting and notification program for California."",""date"":""8 days ago""}","2026-05-31 23:06:26.4355","2026-05-31 23:06:26.4355"
"bccddf0b-befe-49c3-8f60-e9a94b373256","public_health","News & Alerts | Texas DSHS","The Texas Department of State Health Services (DSHS) is preparing for the annual Cyclospora outbreak season that runs from May to August. In 2025, Texas had ...","https://www.dshs.texas.gov/news-alerts",,"dshs.texas.gov","medium",,"{""title"":""News & Alerts | Texas DSHS"",""link"":""https://www.dshs.texas.gov/news-alerts"",""snippet"":""The Texas Department of State Health Services (DSHS) is preparing for the annual Cyclospora outbreak season that runs from May to August. In 2025, Texas had ...""}","2026-05-31 23:06:26.64412","2026-05-31 23:06:26.64412"
"c0ea4b1c-a2be-4407-a201-bfc4a1c88ec3","fda_recalls","FDA Expands Medical Device Recall Alerts... - STAT Surgical Supply","FDA Expands Medical Device Recall Alerts to All Devices, Urging Hospitals and Manufacturers to Strengthen Safety Systems · 1. Update standard ...","https://www.statsurgicalsupply.com/news/fda-expands-medical-device-recall-alert-system-to-cover-entire-industry-surgical-stakeholdes-advised-to-increase-vigilance?srsltid=AfmBOoov0P_nnnINRFDgiwgma4CL7eV3FA31FN7YzsmoYsX26PwoOBkE",,"statsurgicalsupply.com","medium",,"{""title"":""FDA Expands Medical Device Recall Alerts... - STAT Surgical Supply"",""link"":""https://www.statsurgicalsupply.com/news/fda-expands-medical-device-recall-alert-system-to-cover-entire-industry-surgical-stakeholdes-advised-to-increase-vigilance?srsltid=AfmBOoov0P_nnnINRFDgiwgma4CL7eV3FA31FN7YzsmoYsX26PwoOBkE"",""snippet"":""FDA Expands Medical Device Recall Alerts to All Devices, Urging Hospitals and Manufacturers to Strengthen Safety Systems · 1. Update standard ..."",""date"":""Oct 3, 2025""}","2026-06-11 23:09:00.604871","2026-06-11 23:09:00.604871"
"c3a8ab5c-ebfb-43d9-b7f0-79334853afbb","public_health","2026 Hantavirus Outbreak: Testing for Potential Infection | HAN - CDC","CDC first issued a Health Advisory (CDCHAN-00528) about this outbreak on May 8, 2026. Hantaviruses are a group of viruses that typically spread ...","https://www.cdc.gov/han/php/notices/han00529.html",,"cdc.gov","low",,"{""title"":""2026 Hantavirus Outbreak: Testing for Potential Infection | HAN - CDC"",""link"":""https://www.cdc.gov/han/php/notices/han00529.html"",""snippet"":""CDC first issued a Health Advisory (CDCHAN-00528) about this outbreak on May 8, 2026. Hantaviruses are a group of viruses that typically spread ..."",""date"":""May 18, 2026""}","2026-05-31 23:06:25.383416","2026-05-31 23:06:25.383416"
"c5670f3f-8336-4c85-9073-df3c17737190","disaster","Disasters and Other Declarations | FEMA.gov","Incident Period: October 8, 2025 - October 13, 2025. Major Disaster Declaration declared on May 29, 2026. Kentucky Severe Winter Storm (DR-4913-KY). Incident ...","https://www.fema.gov/disaster/declarations",,"fema.gov","high",,"{""title"":""Disasters and Other Declarations | FEMA.gov"",""link"":""https://www.fema.gov/disaster/declarations"",""snippet"":""Incident Period: October 8, 2025 - October 13, 2025. Major Disaster Declaration declared on May 29, 2026. Kentucky Severe Winter Storm (DR-4913-KY). Incident ...""}","2026-06-11 23:09:01.506095","2026-06-11 23:09:01.506095"
"cadb8e4f-08d1-4f36-8a8e-2383fef1edc1","fda_recalls","RECALL ALERT: The FDA announced the recall Friday and it's ...","This recall was initiated due to the presence of Nitrosamine Drug Substance Related Impurity (NDSRI), N-nitroso-duloxetine, above the proposed ...","https://www.facebook.com/wtajnews/posts/recall-alert-the-fda-announced-the-recall-friday-and-its-recommended-to-consult-/10158372596057742/",,"facebook.com","medium",,"{""title"":""RECALL ALERT: The FDA announced the recall Friday and it's ..."",""link"":""https://www.facebook.com/wtajnews/posts/recall-alert-the-fda-announced-the-recall-friday-and-its-recommended-to-consult-/10158372596057742/"",""snippet"":""This recall was initiated due to the presence of Nitrosamine Drug Substance Related Impurity (NDSRI), N-nitroso-duloxetine, above the proposed ..."",""date"":""Jul 3, 2021""}","2026-06-11 23:09:01.434047","2026-06-11 23:09:01.434047"
"ce9b4150-d6e2-4268-9a54-6ff6a6f01844","disaster","Designated Areas: Disaster 2025 - FEMA","Authorities granting federally recognized Indian tribal governments the option to request a presidential emergency or major disaster declaration. How FEMA ...","https://www.fema.gov/disaster/2025/designated-areas",,"fema.gov","high",,"{""title"":""Designated Areas: Disaster 2025 - FEMA"",""link"":""https://www.fema.gov/disaster/2025/designated-areas"",""snippet"":""Authorities granting federally recognized Indian tribal governments the option to request a presidential emergency or major disaster declaration. How FEMA ...""}","2026-06-11 23:09:01.954621","2026-06-11 23:09:01.954621"
"d55bbd8a-a5cb-45b6-a33f-f9385454bd66","travel_advisory","Travel advice","This page provides information about infectious disease risks and vaccination requirements and links to additional sources of information about travel and ...","https://www.who.int/travel-advice",,"who.int","low",,"{""title"":""Travel advice"",""link"":""https://www.who.int/travel-advice"",""snippet"":""This page provides information about infectious disease risks and vaccination requirements and links to additional sources of information about travel and ...""}","2026-06-11 23:08:59.260503","2026-06-11 23:08:59.260503"
"d664831b-7edc-4234-9b3e-c7bd5067b800","fda_recalls","MedCon: FDA sees uptick in class I recalls in 2025 as it tackles ...","COLUMBUS, OH – The US Food and Drug Administration (FDA) saw more new recall events for class I medical devices in 2025 than it has in ...","https://www.raps.org/resource/medcon-fda-sees-uptick-in-class-i-recalls-in-2025-as-it-tackles-resourcing-issues.html",,"raps.org","low",,"{""title"":""MedCon: FDA sees uptick in class I recalls in 2025 as it tackles ..."",""link"":""https://www.raps.org/resource/medcon-fda-sees-uptick-in-class-i-recalls-in-2025-as-it-tackles-resourcing-issues.html"",""snippet"":""COLUMBUS, OH – The US Food and Drug Administration (FDA) saw more new recall events for class I medical devices in 2025 than it has in ..."",""date"":""Apr 23, 2026""}","2026-06-11 23:09:00.466633","2026-06-11 23:09:00.466633"
"d7835cc1-7049-4232-a92c-328c35e342e4","fda_recalls","FDA Drug Recalls and Warnings: Blood Pressure Meds Tainted With ...","Stay updated on FDA drug recalls and warnings, including recent Class II recalls for Gabapentin, Fasenra, Levothyroxine, and more.","https://medshadow.org/drug-updates-recalls/fda-recalls-and-warnings/fda-drug-recalls-and-warnings-blood-pressure-meds-tainted-with-cancer-causing-chemicals-gabapentin-impurities-and-more/",,"medshadow.org","low",,"{""title"":""FDA Drug Recalls and Warnings: Blood Pressure Meds Tainted With ..."",""link"":""https://medshadow.org/drug-updates-recalls/fda-recalls-and-warnings/fda-drug-recalls-and-warnings-blood-pressure-meds-tainted-with-cancer-causing-chemicals-gabapentin-impurities-and-more/"",""snippet"":""Stay updated on FDA drug recalls and warnings, including recent Class II recalls for Gabapentin, Fasenra, Levothyroxine, and more."",""date"":""Oct 31, 2025""}","2026-06-11 23:09:01.087142","2026-06-11 23:09:01.087142"
"db2f6b8d-9b2d-42a7-8841-e04939cf1f4d","travel_advisory","CDC Issues New Travel Warning for 16 Countries - Newsweek","The Centers for Disease Control and Prevention (CDC) issued a new Level 1 global travel health warning on March 23, which affects 16 countries.","https://www.newsweek.com/cdc-issues-new-travel-warning-for-16-countries-11732458",,"newsweek.com","low",,"{""title"":""CDC Issues New Travel Warning for 16 Countries - Newsweek"",""link"":""https://www.newsweek.com/cdc-issues-new-travel-warning-for-16-countries-11732458"",""snippet"":""The Centers for Disease Control and Prevention (CDC) issued a new Level 1 global travel health warning on March 23, which affects 16 countries."",""date"":""Mar 25, 2026""}","2026-06-11 23:08:58.227387","2026-06-11 23:08:58.227387"
"dc021251-ffa1-4305-a587-f14b51468a76","public_health","Health Alert Network (HAN) Archive - CDC","2026 Hantavirus Outbreak: Testing for ... HAN provides urgent notifications about public health incidents and emerging health threats.","https://www.cdc.gov/han/php/notices/index.html",,"cdc.gov","high",,"{""title"":""Health Alert Network (HAN) Archive - CDC"",""link"":""https://www.cdc.gov/han/php/notices/index.html"",""snippet"":""2026 Hantavirus Outbreak: Testing for ... HAN provides urgent notifications about public health incidents and emerging health threats."",""date"":""Apr 15, 2025""}","2026-05-31 23:06:25.595085","2026-05-31 23:06:25.595085"
"e1a59f24-6947-40b9-9b6d-398259d1d701","public_health","2026 Multi-country Hantavirus Cluster Linked to Cruise Ship - CDC","The CDC is issuing this HAN Health Advisory about a new cluster of hantavirus disease cases.","https://www.cdc.gov/han/php/notices/han00528.html",,"cdc.gov","low",,"{""title"":""2026 Multi-country Hantavirus Cluster Linked to Cruise Ship - CDC"",""link"":""https://www.cdc.gov/han/php/notices/han00528.html"",""snippet"":""The CDC is issuing this HAN Health Advisory about a new cluster of hantavirus disease cases."",""date"":""May 8, 2026""}","2026-05-31 23:06:25.456163","2026-05-31 23:06:25.456163"
"e2c5aad6-6116-463b-9706-837db96876ce","public_health","Current Alerts & Reports - San Mateo County Health","Health alerts and advisories from San Mateo County Communicable Disease Control Program, California Department of Public Health, and the CDC.","https://www.smchealth.org/general-information/current-alerts-reports",,"smchealth.org","medium",,"{""title"":""Current Alerts & Reports - San Mateo County Health"",""link"":""https://www.smchealth.org/general-information/current-alerts-reports"",""snippet"":""Health alerts and advisories from San Mateo County Communicable Disease Control Program, California Department of Public Health, and the CDC.""}","2026-05-31 23:06:27.203118","2026-05-31 23:06:27.203118"
"e4836aff-e2b6-4543-aff3-53bcb2ab3459","fda_recalls","Recalls, Market Withdrawals, & Safety Alerts - FDA","The list below provides information gathered from press releases and other public notices about certain recalls of FDA-regulated products.","https://www.fda.gov/safety/recalls-market-withdrawals-safety-alerts",,"fda.gov","medium",,"{""title"":""Recalls, Market Withdrawals, & Safety Alerts - FDA"",""link"":""https://www.fda.gov/safety/recalls-market-withdrawals-safety-alerts"",""snippet"":""The list below provides information gathered from press releases and other public notices about certain recalls of FDA-regulated products.""}","2026-06-11 23:09:01.018021","2026-06-11 23:09:01.018021"
"e6e90b4c-2da3-4b5b-b778-15de526d73ed","travel_advisory","CDC Yellow Book, 2026 edition: Health Information for International ...","public health guidance for specific destinations and types of travel the endemicity of malaria, yellow fever, and other infectious diseases","https://pubmed.ncbi.nlm.nih.gov/41818493/",,"pubmed.ncbi.nlm.nih.gov","low",,"{""title"":""CDC Yellow Book, 2026 edition: Health Information for International ..."",""link"":""https://pubmed.ncbi.nlm.nih.gov/41818493/"",""snippet"":""public health guidance for specific destinations and types of travel the endemicity of malaria, yellow fever, and other infectious diseases""}","2026-06-11 23:08:58.087475","2026-06-11 23:08:58.087475"
"e75c6b0a-62be-4faf-a929-7bad68673055","disaster","President Trump Approves Historic Amount of Emergency ...","What Emergency Declarations Include. President Trump approved 12 federal emergency disaster declarations for Arkansas, Georgia, Indiana ...","https://www.dhs.gov/news/2026/01/25/president-trump-approves-historic-amount-emergency-declarations-record-time",,"dhs.gov","high",,"{""title"":""President Trump Approves Historic Amount of Emergency ..."",""link"":""https://www.dhs.gov/news/2026/01/25/president-trump-approves-historic-amount-emergency-declarations-record-time"",""snippet"":""What Emergency Declarations Include. President Trump approved 12 federal emergency disaster declarations for Arkansas, Georgia, Indiana ..."",""date"":""Jan 25, 2026""}","2026-06-11 23:09:02.983038","2026-06-11 23:09:02.983038"
"ebb1707c-b8be-4fac-9e0f-98dd4961df96","public_health","Ebola Disease Outbreak in the Democratic Republic of the Congo ...","On May 16, 2026, WHO declared the BVD outbreaks in DRC and Uganda to be a public health emergency of international concern. As of May 18, 10 confirmed cases, ...","https://www.cdph.ca.gov/Programs/OPA/Pages/CAHAN/Ebola-Disease-Outbreak-in-the-Democratic-Republic-of-the-Congo-and-Uganda.aspx",,"cdph.ca.gov","high",,"{""title"":""Ebola Disease Outbreak in the Democratic Republic of the Congo ..."",""link"":""https://www.cdph.ca.gov/Programs/OPA/Pages/CAHAN/Ebola-Disease-Outbreak-in-the-Democratic-Republic-of-the-Congo-and-Uganda.aspx"",""snippet"":""On May 16, 2026, WHO declared the BVD outbreaks in DRC and Uganda to be a public health emergency of international concern. As of May 18, 10 confirmed cases, ...""}","2026-05-31 23:06:27.132865","2026-05-31 23:06:27.132865"
"ec62d21b-53cb-4a37-b2b1-589599949209","fda_recalls","2024 Safety Communications - FDA","The FDA posts Medical Device Safety Communications to describe the FDA's current analysis of an issue and contain specific regulatory approaches.","https://www.fda.gov/medical-devices/safety-communications/2024-safety-communications",,"fda.gov","low",,"{""title"":""2024 Safety Communications - FDA"",""link"":""https://www.fda.gov/medical-devices/safety-communications/2024-safety-communications"",""snippet"":""The FDA posts Medical Device Safety Communications to describe the FDA's current analysis of an issue and contain specific regulatory approaches.""}","2026-06-11 23:09:02.049844","2026-06-11 23:09:02.049844"
"ec9670d3-493a-4966-b1d7-4cf6d031222d","travel_advisory","CDC Travel Health Alerts 2025 | Avoid These Popular Destinations ...","Before you book your next vacation, make sure your dream destination isn't on the CDC's 2025 Travel Health Alert list ... 2026 Europe Travel Alert ...","https://www.youtube.com/watch?v=5hcrJ7F6CNo",,"youtube.com","medium",,"{""title"":""CDC Travel Health Alerts 2025 | Avoid These Popular Destinations ..."",""link"":""https://www.youtube.com/watch?v=5hcrJ7F6CNo"",""snippet"":""Before you book your next vacation, make sure your dream destination isn't on the CDC's 2025 Travel Health Alert list ... 2026 Europe Travel Alert ..."",""date"":""Oct 15, 2025""}","2026-06-11 23:08:58.435328","2026-06-11 23:08:58.435328"
"f0dc4f61-39b7-411a-9444-8365356d7de3","fda_recalls","FDA Announces Plan to Speed Up Public Notification About ...","FDA's Center for Devices and Radiological Health (CDRH) announced a pilot program aimed at improving public notice about potentially high-risk medical device ...","https://www.akingump.com/en/insights/blogs/eye-on-fda/fda-announces-plan-to-speed-up-public-notification-about-potentially-high-risk-device-recalls",,"akingump.com","low",,"{""title"":""FDA Announces Plan to Speed Up Public Notification About ..."",""link"":""https://www.akingump.com/en/insights/blogs/eye-on-fda/fda-announces-plan-to-speed-up-public-notification-about-potentially-high-risk-device-recalls"",""snippet"":""FDA's Center for Devices and Radiological Health (CDRH) announced a pilot program aimed at improving public notice about potentially high-risk medical device ..."",""date"":""Nov 25, 2024""}","2026-06-11 23:09:00.397623","2026-06-11 23:09:00.397623"
"f645396c-1f0d-4769-bb08-03f78ed1b04e","fda_recalls","FDA Expands Early Alert Communications for Medical Devices","FDA Expands Early Alert Communications for Medical Devices. Alert October 1, 2025.","https://www.cov.com/en/news-and-insights/insights/2025/10/fda-expands-early-alert-communications-for-medical-devices",,"cov.com","medium",,"{""title"":""FDA Expands Early Alert Communications for Medical Devices"",""link"":""https://www.cov.com/en/news-and-insights/insights/2025/10/fda-expands-early-alert-communications-for-medical-devices"",""snippet"":""FDA Expands Early Alert Communications for Medical Devices. Alert October 1, 2025."",""date"":""Oct 1, 2025""}","2026-06-11 23:09:01.843875","2026-06-11 23:09:01.843875"
"f8773610-96f7-4791-b0b2-490d7d4a04d3","fda_recalls","FDA expanded its Early Alert pilot communication program ... - ECRI","“By sharing alerts faster, the FDA can better equip healthcare professionals and patients to make informed decisions faster, helping to prevent ...","https://home.ecri.org/blogs/ecri-news/fda-expanded-its-early-alert-pilot-communication-program-for-medical-devices",,"home.ecri.org","medium",,"{""title"":""FDA expanded its Early Alert pilot communication program ... - ECRI"",""link"":""https://home.ecri.org/blogs/ecri-news/fda-expanded-its-early-alert-pilot-communication-program-for-medical-devices"",""snippet"":""“By sharing alerts faster, the FDA can better equip healthcare professionals and patients to make informed decisions faster, helping to prevent ..."",""date"":""Oct 14, 2025""}","2026-06-11 23:09:01.707027","2026-06-11 23:09:01.707027"
"f90f4589-4e57-46a0-8f9c-0558352cbf61","disaster","OpenFEMA Dataset: Disaster Declarations Summaries - v2","This dataset lists all official FEMA Disaster Declarations, beginning with the first disaster declaration in 1953 and features all three disaster declaration ...","https://www.fema.gov/openfema-data-page/disaster-declarations-summaries-v2",,"fema.gov","low",,"{""title"":""OpenFEMA Dataset: Disaster Declarations Summaries - v2"",""link"":""https://www.fema.gov/openfema-data-page/disaster-declarations-summaries-v2"",""snippet"":""This dataset lists all official FEMA Disaster Declarations, beginning with the first disaster declaration in 1953 and features all three disaster declaration ...""}","2026-06-11 23:09:01.69839","2026-06-11 23:09:01.69839"
"fc4e49e6-d74c-4095-b595-c81cd8d05862","fda_recalls","Medical Device Safety Communications - FDA","The FDA posts Medical Device Safety Communications to describe the FDA's analysis of a current issue and provide specific regulatory approaches.","https://www.fda.gov/medical-devices/medical-device-safety/safety-communications",,"fda.gov","low",,"{""title"":""Medical Device Safety Communications - FDA"",""link"":""https://www.fda.gov/medical-devices/medical-device-safety/safety-communications"",""snippet"":""The FDA posts Medical Device Safety Communications to describe the FDA's analysis of a current issue and provide specific regulatory approaches.""}","2026-06-11 23:09:01.638972","2026-06-11 23:09:01.638972"
"fcb7df35-b0ad-4e19-a685-3b713e486396","disaster","How many disasters are declared in the US? - USAFacts","As of March 2026, the nation has declared disasters for 13 fires, 15 severe storms, and one flood. These disaster categories are among the most ...","https://usafacts.org/answers/how-many-disasters-are-declared-in-the-us/country/united-states/",,"usafacts.org","low",,"{""title"":""How many disasters are declared in the US? - USAFacts"",""link"":""https://usafacts.org/answers/how-many-disasters-are-declared-in-the-us/country/united-states/"",""snippet"":""As of March 2026, the nation has declared disasters for 13 fires, 15 severe storms, and one flood. These disaster categories are among the most ..."",""date"":""Apr 29, 2026""}","2026-06-11 23:09:01.826369","2026-06-11 23:09:01.826369"
"ffea35c1-8930-49b5-9578-63e99785c54d","travel_advisory","Travel.State.gov - Travel Advisory","The Department of State advises Americans worldwide to exercise increased caution. Reconsider travel Do not travel prepare for your trip abroad.","https://travel.state.gov/en/international-travel/travel-advisories/destination.html",,"travel.state.gov","high",,"{""title"":""Travel.State.gov - Travel Advisory"",""link"":""https://travel.state.gov/en/international-travel/travel-advisories/destination.html"",""snippet"":""The Department of State advises Americans worldwide to exercise increased caution. Reconsider travel Do not travel prepare for your trip abroad.""}","2026-06-11 23:08:58.985364","2026-06-11 23:08:58.985364"