"id","state_code","bucket","title","summary","url","published_date","agency","item_type","relevance_score","raw_json","fetched_at","created_at"
"01bcb7b6-b646-4d87-b7be-e0792779e073","CA","procurement","217.45. Qualification Standards for Board-Appointed Physicians","(1) be licensed by the State of California as a physician and surgeon; and. (2) have at least one year of experience in general occupational medicine or ...","https://govt.westlaw.com/calregs/Document/I76D918035C2F11EC9C68000D3A7C4BC3?viewType=FullText&originationContext=documenttoc&transitionType=CategoryPageItem&contextData=(sc.Default)",,"California","news","10","{""title"":""217.45. Qualification Standards for Board-Appointed Physicians"",""link"":""https://govt.westlaw.com/calregs/Document/I76D918035C2F11EC9C68000D3A7C4BC3?viewType=FullText&originationContext=documenttoc&transitionType=CategoryPageItem&contextData=(sc.Default)"",""snippet"":""(1) be licensed by the State of California as a physician and surgeon; and. (2) have at least one year of experience in general occupational medicine or ...""}","2026-05-31 23:22:46.403523","2026-05-31 23:22:46.403523"
"0351e7e7-302d-43a0-9178-ffa298409381","TX","procurement","Contract Search - Buying and Selling to Government of Mississippi","SCHOOL HEALTH CORP. Omnia Partners Cooperative Contract with School Health ... Texas Outdoor Power Equipment dba EXMARK/ State of MS Statewide contract for Gro.","https://www.ms.gov/dfa/contract_bid_search/Contract?autoloadGrid=true",,"Texas","legislation","10","{""title"":""Contract Search - Buying and Selling to Government of Mississippi"",""link"":""https://www.ms.gov/dfa/contract_bid_search/Contract?autoloadGrid=true"",""snippet"":""SCHOOL HEALTH CORP. Omnia Partners Cooperative Contract with School Health ... Texas Outdoor Power Equipment dba EXMARK/ State of MS Statewide contract for Gro.""}","2026-06-24 05:00:29.476244","2026-06-24 05:00:29.476244"
"05b7f6b3-4cea-414b-b855-dd25a8a9d76b","TX","procurement","[DOC] 1770060963_ESBD_478891_17...","The State of Texas, by and through TSBP, seeks sealed proposals to establish a Contract for the provision of drug screening services in ...","https://media.governmentnavigator.com/media/bid/1770060963_ESBD_478891_1770045169805_RFP_515-26-0002_Drug_Monitoring_.doc",,"Texas","legislation","10","{""title"":""[DOC] 1770060963_ESBD_478891_17..."",""link"":""https://media.governmentnavigator.com/media/bid/1770060963_ESBD_478891_1770045169805_RFP_515-26-0002_Drug_Monitoring_.doc"",""snippet"":""The State of Texas, by and through TSBP, seeks sealed proposals to establish a Contract for the provision of drug screening services in ..."",""date"":""Feb 2, 2026""}","2026-06-24 05:00:27.525099","2026-06-24 05:00:27.525099"
"0657e469-ef81-4144-9666-a84f4d25b03c","IN","procurement","[PDF] APPLICATION FOR LICENSE","Mobile Medical Unit Manager (List the manager of the mobile medical unit.) ... business in the State of Indiana signed by the Indiana Secretary of State.","https://forms.in.gov/download.aspx?id=6611",,"Indiana","news","10","{""title"":""[PDF] APPLICATION FOR LICENSE"",""link"":""https://forms.in.gov/download.aspx?id=6611"",""snippet"":""Mobile Medical Unit Manager (List the manager of the mobile medical unit.) ... business in the State of Indiana signed by the Indiana Secretary of State.""}","2026-04-14 03:37:37.441013","2026-04-14 03:37:37.441013"
"0a4dac65-d263-4e1f-8a05-d0594067397c","CA","procurement","MOBILE MEDICAL SERVICES FOR PHYSICIANS AND ADVANCED ...","Court of Appeal, Fourth District, Division 3, California. MOBILE MEDICAL SERVICES FOR PHYSICIANS AND ADVANCED PRACTICE NURSES, INC ...","https://caselaw.findlaw.com/ca-court-of-appeal/1715594.html",,"California","legislation","30","{""title"":""MOBILE MEDICAL SERVICES FOR PHYSICIANS AND ADVANCED ..."",""link"":""https://caselaw.findlaw.com/ca-court-of-appeal/1715594.html"",""snippet"":""Court of Appeal, Fourth District, Division 3, California. MOBILE MEDICAL SERVICES FOR PHYSICIANS AND ADVANCED PRACTICE NURSES, INC ..."",""date"":""Sep 17, 2015""}","2026-05-31 23:22:46.117493","2026-05-31 23:22:46.117493"
"0be48aab-b971-47bd-b8ec-1295b323e79c","TX","procurement","Texas governor directs state health agencies to mitigate Chinese ...","... mobile medical devices and applications"" to its ... The Texas Department of State Health Services, which is administering the contract ...","https://www.facebook.com/TexasGovernor/posts/governor-greg-abbott-released-a-letter-directing-state-health-agencies-to-mitiga/1464584628654949/",,"Texas","legislation","20","{""title"":""Texas governor directs state health agencies to mitigate Chinese ..."",""link"":""https://www.facebook.com/TexasGovernor/posts/governor-greg-abbott-released-a-letter-directing-state-health-agencies-to-mitiga/1464584628654949/"",""snippet"":""... mobile medical devices and applications\"" to its ... The Texas Department of State Health Services, which is administering the contract ..."",""date"":""Mar 9, 2026""}","2026-06-24 05:00:28.898732","2026-06-24 05:00:28.898732"
"0f25b0eb-6a79-40bd-84f3-f436739ac987","CA","procurement","State, Local & Cooperative Contracts - John Deere","California, Colorado, Connecticut, Delaware, Florida, Georgia, Hawaii, Idaho ... NASPO ValuePoint Ground Maintenance Equipment Contract #N-2025-GME-0001 · For ...","https://www.deere.com/en/government-and-military-sales/state-and-local-purchasing/",,"California","legislation","10","{""title"":""State, Local & Cooperative Contracts - John Deere"",""link"":""https://www.deere.com/en/government-and-military-sales/state-and-local-purchasing/"",""snippet"":""California, Colorado, Connecticut, Delaware, Florida, Georgia, Hawaii, Idaho ... NASPO ValuePoint Ground Maintenance Equipment Contract #N-2025-GME-0001 · For ...""}","2026-05-31 23:22:46.953447","2026-05-31 23:22:46.953447"
"16034742-f358-4e5c-a9fa-5e7efe9a6d79","IN","procurement","IDOA: Procurement: Current Business Opportunities - IN.gov","Through this contract, Pharmacy Benefit Management services are provided for the State Employee Health ... Copyright © 2026 State of Indiana - All rights reserved ...","https://www.in.gov/idoa/procurement/current-business-opportunities/",,"Indiana","legislation","30","{""title"":""IDOA: Procurement: Current Business Opportunities - IN.gov"",""link"":""https://www.in.gov/idoa/procurement/current-business-opportunities/"",""snippet"":""Through this contract, Pharmacy Benefit Management services are provided for the State Employee Health ... Copyright © 2026 State of Indiana - All rights reserved ...""}","2026-04-14 03:37:37.398902","2026-04-14 03:37:37.398902"
"1650e884-5e6b-4459-8382-b28c23bdc227","IN","procurement","[PDF] Request for Proposal - Medical Evaluation Services - Anaheim.net","The DOT physical exam is performed by a certified medical examiner ... INDIANA PHYSICIAN PROFESSIONAL LIABILITY COVERAGE - Continental ...","https://local.anaheim.net/docs_agend/questys_pub/36702/36732/36733/36784/36839/1.%20Agreement%20-%20Occupational%20Health%20Centers%20of%20California,%20dba%20Concentra%20Medical%20Centers36839.pdf",,"Indiana","rfp","20","{""title"":""[PDF] Request for Proposal - Medical Evaluation Services - Anaheim.net"",""link"":""https://local.anaheim.net/docs_agend/questys_pub/36702/36732/36733/36784/36839/1.%20Agreement%20-%20Occupational%20Health%20Centers%20of%20California,%20dba%20Concentra%20Medical%20Centers36839.pdf"",""snippet"":""The DOT physical exam is performed by a certified medical examiner ... INDIANA PHYSICIAN PROFESSIONAL LIABILITY COVERAGE - Continental ..."",""date"":""Feb 2, 2004""}","2026-04-14 03:37:37.427596","2026-04-14 03:37:37.427596"
"18b29c99-0c70-4b33-ae8a-29a26786a2fc","IN","procurement","Purchasing Links - Monmouth County","F-82-2026 Indiana Printing and Publishing Company Inc. F-82-2026 JDS ... P-21-2025 CFG Health System, LLC · P-23-2025 Atlantic Drug Testing · P-23-2025 ...","http://visitmonmouth.com/Page.aspx?Id=3404",,"Indiana","news","10","{""title"":""Purchasing Links - Monmouth County"",""link"":""http://visitmonmouth.com/Page.aspx?Id=3404"",""snippet"":""F-82-2026 Indiana Printing and Publishing Company Inc. F-82-2026 JDS ... P-21-2025 CFG Health System, LLC · P-23-2025 Atlantic Drug Testing · P-23-2025 ...""}","2026-04-14 03:37:37.419988","2026-04-14 03:37:37.419988"
"1a9ba8fb-cb51-41b4-9157-108ee8ef41c9","TX","procurement","Cooperative Contracts Utilized by Prince William County","□ 2025 NASPO Goodyear Contract Administrator Designation Form (004).pdf ... R250402, Omnia Region 4 Education Service Center - Texas, Audio Visual ...","https://eservice2.pwcgov.org/eservices/procurement/CoopContracts",,"Texas","legislation","10","{""title"":""Cooperative Contracts Utilized by Prince William County"",""link"":""https://eservice2.pwcgov.org/eservices/procurement/CoopContracts"",""snippet"":""□ 2025 NASPO Goodyear Contract Administrator Designation Form (004).pdf ... R250402, Omnia Region 4 Education Service Center - Texas, Audio Visual ...""}","2026-06-24 05:00:29.18691","2026-06-24 05:00:29.18691"
"1bc35162-50c1-43ff-90e9-280f07aa2420","TX","procurement","News - Nava","July 22, 2025. Nava Labs to pilot AI-powered referral tool with Goodwills in Texas and Pennsylvania. Nava Labs will partner with Goodwill case managers to ...","https://www.navapbc.com/news",,"Texas","news","0","{""title"":""News - Nava"",""link"":""https://www.navapbc.com/news"",""snippet"":""July 22, 2025. Nava Labs to pilot AI-powered referral tool with Goodwills in Texas and Pennsylvania. Nava Labs will partner with Goodwill case managers to ...""}","2026-06-24 05:00:29.620495","2026-06-24 05:00:29.620495"
"1c4ec0ad-a71d-43ec-973a-7f5d884bbc57","CA","procurement","[DOC] 901634 RFP Pre-Employment Physical - Alameda County","The objectives of the County pre-employment exam process, which are to ... ​ California Government Code Section 4552: In submitting a bid to a public ...","https://www.acgov.org/gsaapp/purchasing/bidContent_ftp/rfpDocs/RFP%23901634.doc",,"California","rfp","30","{""title"":""[DOC] 901634 RFP Pre-Employment Physical - Alameda County"",""link"":""https://www.acgov.org/gsaapp/purchasing/bidContent_ftp/rfpDocs/RFP%23901634.doc"",""snippet"":""The objectives of the County pre-employment exam process, which are to ... ​ California Government Code Section 4552: In submitting a bid to a public ...""}","2026-05-31 23:22:45.636208","2026-05-31 23:22:45.636208"
"1ca54153-bdd5-4c27-8e44-bf45cf09c382","CA","procurement","Occupational Health Services RFP 25-018 - PlanetBids Vendor Portal","Thousand Palms, California. 92276. County. Riverside. Bid Valid. 120 Days ... (RFP) to provide Occupational Health Services. SunLine is anticipating an ...","https://vendors.planetbids.com/portal/56419/bo/bo-detail/123929",,"California","rfp","30","{""title"":""Occupational Health Services RFP 25-018 - PlanetBids Vendor Portal"",""link"":""https://vendors.planetbids.com/portal/56419/bo/bo-detail/123929"",""snippet"":""Thousand Palms, California. 92276. County. Riverside. Bid Valid. 120 Days ... (RFP) to provide Occupational Health Services. SunLine is anticipating an ...""}","2026-05-31 23:22:44.59931","2026-05-31 23:22:44.59931"
"1db4fcca-3286-4d14-ac34-1048285bd89f","TX","procurement","[PDF] Sealed proposals will be received by the South Texas Independent ...","... BID: RFP 26-018, DRUG TESTING SERVICES. Any bid ... bid are requested to notify the South Texas ISD Purchasing ... state of Texas as well as any other federal, ...","https://resources.finalsite.net/images/v1745418063/stisdnet/p13vocht5rqomyynuvsv/RFP26-018DrugTestingServices.pdf",,"Texas","rfp","30","{""title"":""[PDF] Sealed proposals will be received by the South Texas Independent ..."",""link"":""https://resources.finalsite.net/images/v1745418063/stisdnet/p13vocht5rqomyynuvsv/RFP26-018DrugTestingServices.pdf"",""snippet"":""... BID: RFP 26-018, DRUG TESTING SERVICES. Any bid ... bid are requested to notify the South Texas ISD Purchasing ... state of Texas as well as any other federal, ...""}","2026-06-24 05:00:27.018729","2026-06-24 05:00:27.018729"
"1e79a9f5-748c-40b0-8fc7-d65b53b51f11","CA","procurement","Am I required to take a Fitness for Duty Exam in California?","A fitness for duty examination is permitted under both the Federal Americans with Disabilities (ADA) Act and the California Fair Employment and ...","https://www.employmentattorneyca.com/am-i-required-to-take-a-fitness-for-duty-exam-in-california",,"California","legislation","0","{""title"":""Am I required to take a Fitness for Duty Exam in California?"",""link"":""https://www.employmentattorneyca.com/am-i-required-to-take-a-fitness-for-duty-exam-in-california"",""snippet"":""A fitness for duty examination is permitted under both the Federal Americans with Disabilities (ADA) Act and the California Fair Employment and ..."",""date"":""May 28, 2013""}","2026-05-31 23:22:46.25498","2026-05-31 23:22:46.25498"
"22d2e573-3514-4aa5-9782-786e3e989541","TX","procurement","DCHHS Clinical Services | Sexual Health Mobile Medical Unit","To request our services please call (214) 819-2135. Please see the calendar below for dates and locations of off-site testing events (mobile medical unit).","https://www.dallascounty.org/departments/dchhs/clinical-services/sexual-health-mmu.php",,"Texas","news","20","{""title"":""DCHHS Clinical Services | Sexual Health Mobile Medical Unit"",""link"":""https://www.dallascounty.org/departments/dchhs/clinical-services/sexual-health-mmu.php"",""snippet"":""To request our services please call (214) 819-2135. Please see the calendar below for dates and locations of off-site testing events (mobile medical unit).""}","2026-06-24 05:00:28.826564","2026-06-24 05:00:28.826564"
"24f451f5-1ad5-4ac7-a89e-7f15a4325db5","CA","procurement","Request for Proposal #24-049 - DHCS - CA.gov","The California Department of Health Care Services (DHCS) is releasing Request for Proposal (RFP) #24-049, for the Centers for Medicare & Medicaid Services (CMS) ...","https://www.dhcs.ca.gov/providers-partners/procurement-and-contracting-division/request-for-proposal-24-049/",,"California","rfp","10","{""title"":""Request for Proposal #24-049 - DHCS - CA.gov"",""link"":""https://www.dhcs.ca.gov/providers-partners/procurement-and-contracting-division/request-for-proposal-24-049/"",""snippet"":""The California Department of Health Care Services (DHCS) is releasing Request for Proposal (RFP) #24-049, for the Centers for Medicare & Medicaid Services (CMS) ...""}","2026-05-31 23:22:45.429364","2026-05-31 23:22:45.429364"
"2547633c-36c1-41a2-ba69-17ad779e4f95","TX","procurement","[PDF] public notice - Webb County","successfully earn a State of Texas Class A Commercial Driver's License. ... o DOT Physical Examination o DOT Urinalysis Drug Screen o ...","https://www.webbcountytx.gov/PurchasingAgent/PublicNoticeRFP/RFP2015-01-1.pdf",,"Texas","notice","10","{""title"":""[PDF] public notice - Webb County"",""link"":""https://www.webbcountytx.gov/PurchasingAgent/PublicNoticeRFP/RFP2015-01-1.pdf"",""snippet"":""successfully earn a State of Texas Class A Commercial Driver's License. ... o DOT Physical Examination o DOT Urinalysis Drug Screen o ..."",""date"":""Jan 1, 2015""}","2026-06-24 05:00:28.106845","2026-06-24 05:00:28.106845"
"25fc8077-64a7-4346-bf79-07395a541c81","CA","procurement","[DOC] 2803_902375PreEmploymentQA.docx - Alameda County","A10) The RFP is 2803_902375 Pre-Employment Exam Occupational. Page 6 of the ... Northern California Drug Test. Mersedeh Eghdami. ( 510 ) 491-5782. 26250 ...","https://www.acgov.org/gsaapp/purchasing/bidContent_ftp/rfpDocs/2803_902375PreEmploymentQA.docx",,"California","rfp","20","{""title"":""[DOC] 2803_902375PreEmploymentQA.docx - Alameda County"",""link"":""https://www.acgov.org/gsaapp/purchasing/bidContent_ftp/rfpDocs/2803_902375PreEmploymentQA.docx"",""snippet"":""A10) The RFP is 2803_902375 Pre-Employment Exam Occupational. Page 6 of the ... Northern California Drug Test. Mersedeh Eghdami. ( 510 ) 491-5782. 26250 ...""}","2026-05-31 23:22:45.360495","2026-05-31 23:22:45.360495"
"26967d8b-3adf-4e88-a0a1-d413bb46f1ba","CA","procurement","employee drug testing program Bids, RFP & Government Contracts","The County of Los Angeles is looking for qualified companies to provide Occupational Health Medical Examination Services for job applicants and employees. ... ( ...","https://www.instantmarkets.com/q/employee_drug_testing_program?ot=Bid%20Notification,Pre-Bid%20Notification&pg=1&os=Active",,"California","rfp","60","{""title"":""employee drug testing program Bids, RFP & Government Contracts"",""link"":""https://www.instantmarkets.com/q/employee_drug_testing_program?ot=Bid%20Notification,Pre-Bid%20Notification&pg=1&os=Active"",""snippet"":""The County of Los Angeles is looking for qualified companies to provide Occupational Health Medical Examination Services for job applicants and employees. ... ( ...""}","2026-05-31 23:22:44.74143","2026-05-31 23:22:44.74143"
"28d8089f-7628-4c46-8d80-ae792a7e93bc","CA","procurement","psychological fitness for duty Bids, RFP & Government Contracts","RFA for intensive mental health services for 24-hour residential and acute psychiatric inpatient treatments. Agency: Los Angeles County (California, United ...","https://www.instantmarkets.com/q/psychological_fitness_for_duty%3Fot%3DBid%2520Notification,Pre-Bid%2520Notification,Award,Contract&pg%3D4&os%3DActive,Archived",,"California","rfp","30","{""title"":""psychological fitness for duty Bids, RFP & Government Contracts"",""link"":""https://www.instantmarkets.com/q/psychological_fitness_for_duty%3Fot%3DBid%2520Notification,Pre-Bid%2520Notification,Award,Contract&pg%3D4&os%3DActive,Archived"",""snippet"":""RFA for intensive mental health services for 24-hour residential and acute psychiatric inpatient treatments. Agency: Los Angeles County (California, United ...""}","2026-05-31 23:22:46.472163","2026-05-31 23:22:46.472163"
"2d7f148a-b929-483d-9b22-c1241d1962af","IN","procurement","Employment Physicals 2026-2031 - Sweetspot","... Indiana for the period of 2026-2031. The services required include a range of physical examinations such as pre-appointment, fitness-for-duty, and ...","https://console.sweetspotgov.com/federal-contracts/05a89555-f586-5dbe-8b68-5c20ff821616",,"Indiana","news","0","{""title"":""Employment Physicals 2026-2031 - Sweetspot"",""link"":""https://console.sweetspotgov.com/federal-contracts/05a89555-f586-5dbe-8b68-5c20ff821616"",""snippet"":""... Indiana for the period of 2026-2031. The services required include a range of physical examinations such as pre-appointment, fitness-for-duty, and ...""}","2026-04-14 03:37:37.458217","2026-04-14 03:37:37.458217"
"314e96b6-818f-406b-953e-6322a7db0fc5","TX","procurement","Competitive Thresholds - RoSP Category - NASPO",": Texas Procurement and Contract Management Guide Version 3.0 pg.33. Citation Language 2: (a) General delegation. The purchase of the following goods and ...","https://www.naspo.org/research-and-innovation/rosp-category/competitive-thresholds/",,"Texas","legislation","20","{""title"":""Competitive Thresholds - RoSP Category - NASPO"",""link"":""https://www.naspo.org/research-and-innovation/rosp-category/competitive-thresholds/"",""snippet"":"": Texas Procurement and Contract Management Guide Version 3.0 pg.33. Citation Language 2: (a) General delegation. The purchase of the following goods and ...""}","2026-06-24 05:00:29.548433","2026-06-24 05:00:29.548433"
"3fe0666a-947a-4217-a692-5da36d5d9b48","TX","procurement","Naspo ValuePoint - Grainger Industrial Supply","... contract cooperative. NASPO ValuePoint is a unified non-profit, nationally ... Texas, Utah, Vermont, Virginia, Washington, Washington, D.C., West Virginia ...","https://www.grainger.com/content/mc/clp-naspo/naspo",,"Texas","legislation","10","{""title"":""Naspo ValuePoint - Grainger Industrial Supply"",""link"":""https://www.grainger.com/content/mc/clp-naspo/naspo"",""snippet"":""... contract cooperative. NASPO ValuePoint is a unified non-profit, nationally ... Texas, Utah, Vermont, Virginia, Washington, Washington, D.C., West Virginia ...""}","2026-06-24 05:00:29.402229","2026-06-24 05:00:29.402229"
"4031d96a-7f53-45f4-817e-678100c6ce89","CA","procurement","Requests for Proposals (RFPs) - Tri-City Medical Center","Sitemap · Privacy Policy · Notice of Non-Discrimination · Sitemap. Tri-City Medical Center is administered by Tri-City Healthcare District (A California ...","https://tricitymed.org/about-us/requests-for-proposals-rfps/",,"California","rfp","10","{""title"":""Requests for Proposals (RFPs) - Tri-City Medical Center"",""link"":""https://tricitymed.org/about-us/requests-for-proposals-rfps/"",""snippet"":""Sitemap · Privacy Policy · Notice of Non-Discrimination · Sitemap. Tri-City Medical Center is administered by Tri-City Healthcare District (A California ...""}","2026-05-31 23:22:45.84252","2026-05-31 23:22:45.84252"
"4263efdd-4723-4cf3-940f-d946ca712de9","IN","procurement","[PDF] Certification of Registration for Out-of- State Mobile Health Care Entity","applicant entity and the mobile medical unit manager. ... of Authority” to do business in the State of Indiana signed by the Indiana Secretary of State.","https://www.in.gov/health/files/AC_MOOS_Mobile_CHOW_Application_Instruction_Letter.pdf",,"Indiana","news","10","{""title"":""[PDF] Certification of Registration for Out-of- State Mobile Health Care Entity"",""link"":""https://www.in.gov/health/files/AC_MOOS_Mobile_CHOW_Application_Instruction_Letter.pdf"",""snippet"":""applicant entity and the mobile medical unit manager. ... of Authority” to do business in the State of Indiana signed by the Indiana Secretary of State.""}","2026-04-14 03:37:37.448535","2026-04-14 03:37:37.448535"
"42660edf-ed86-4c8c-afc0-a642cc4b27f1","TX","procurement","Texas Army National Guard: Mobile Medical and Dental Readiness ...","Texas Army National Guard: Mobile Medical and Dental Readiness Services- IDIQ. Location: Texas. Posted: Jun 12, 2026. Due: Jun 22, 2026. Agency ...","https://www.governmentcontracts.us/government-contracts/opportunity-details/46104992882100159.htm?cts=8d383",,"Texas","news","10","{""title"":""Texas Army National Guard: Mobile Medical and Dental Readiness ..."",""link"":""https://www.governmentcontracts.us/government-contracts/opportunity-details/46104992882100159.htm?cts=8d383"",""snippet"":""Texas Army National Guard: Mobile Medical and Dental Readiness Services- IDIQ. Location: Texas. Posted: Jun 12, 2026. Due: Jun 22, 2026. Agency ..."",""date"":""Jun 12, 2026""}","2026-06-24 05:00:28.538284","2026-06-24 05:00:28.538284"
"4b91e1a8-d241-4b24-92a7-b84d688689e9","IN","procurement","Mobile Medical Unit Driver - Registrar in Mishawaka, Indiana, 46545","Apply for Mobile Medical Unit Driver - Registrar job with Trinity Health in Mishawaka, Indiana, 46545. Browse and apply for Community Health & Well-Being ...","https://jobs.trinity-health.org/job/TRHEUS00527998SJHSENUS/Mobile-Medical-Unit-Driver-Registrar",,"Indiana","news","10","{""title"":""Mobile Medical Unit Driver - Registrar in Mishawaka, Indiana, 46545"",""link"":""https://jobs.trinity-health.org/job/TRHEUS00527998SJHSENUS/Mobile-Medical-Unit-Driver-Registrar"",""snippet"":""Apply for Mobile Medical Unit Driver - Registrar job with Trinity Health in Mishawaka, Indiana, 46545. Browse and apply for Community Health & Well-Being ...""}","2026-04-14 03:37:37.450424","2026-04-14 03:37:37.450424"
"4de060d2-55ce-4cfc-9dd3-821b5f2c76c4","IN","procurement","NTUA RECEIVES SAFETY AWARD NTUA has earned the American ...","A thorough background check, Medical Questionnaire, DOT Physical ... Indiana Kentucky Electric Corporation , ODP- Virginia, LG&E and KU ...","https://www.facebook.com/NTUAHome/posts/ntua-receives-safety-awardntua-has-earned-the-american-public-power-associations/1638997491283188/",,"Indiana","award","20","{""title"":""NTUA RECEIVES SAFETY AWARD NTUA has earned the American ..."",""link"":""https://www.facebook.com/NTUAHome/posts/ntua-receives-safety-awardntua-has-earned-the-american-public-power-associations/1638997491283188/"",""snippet"":""A thorough background check, Medical Questionnaire, DOT Physical ... Indiana Kentucky Electric Corporation , ODP- Virginia, LG&E and KU ..."",""date"":""Apr 3, 2026""}","2026-04-14 03:37:37.437472","2026-04-14 03:37:37.437472"
"4e5dbbd2-9860-43d1-bf31-0482089e852d","CA","procurement","Purchasing Contracts | KI","#N-2025-FURN-0007 NASPO MA3968 PA Shirley Aldaba. Alabama. Alabama, State of ... California Community Colleges, Foundation for (FCCC). Master Agreement No ...","https://www.ki.com/how-to-buy/purchasing-contracts/",,"California","legislation","10","{""title"":""Purchasing Contracts | KI"",""link"":""https://www.ki.com/how-to-buy/purchasing-contracts/"",""snippet"":""#N-2025-FURN-0007 NASPO MA3968 PA Shirley Aldaba. Alabama. Alabama, State of ... California Community Colleges, Foundation for (FCCC). Master Agreement No ...""}","2026-05-31 23:22:46.8848","2026-05-31 23:22:46.8848"
"503f507c-67bc-42fa-a063-cdcc9fb571dc","IN","procurement","[PDF] Brawley City Council","and/or services to OMNIA and entities that access OMNIA'S cooperative purchasing contracts ... State of Indiana. State of Mississippi. State of ...","https://www.brawley-ca.gov/assets/meetings/city-council/20251021-meeting-agenda.pdf",,"Indiana","legislation","10","{""title"":""[PDF] Brawley City Council"",""link"":""https://www.brawley-ca.gov/assets/meetings/city-council/20251021-meeting-agenda.pdf"",""snippet"":""and/or services to OMNIA and entities that access OMNIA'S cooperative purchasing contracts ... State of Indiana. State of Mississippi. State of ..."",""date"":""Oct 21, 2025""}","2026-04-14 03:37:37.500406","2026-04-14 03:37:37.500406"
"50b70a6f-d2e2-478d-a50b-f438e48481a6","IN","procurement","[PDF] The Playbook | Public Safety Medical","The Indiana Fire Chief's Association is proud to partner with the Professional. Firefighter's Union of Indiana and Public Safety Medical in encouraging our ...","https://publicsafetymed.com/wp-content/uploads/2017/02/ThePlaybook-WellnessFitnessGuide.pdf",,"Indiana","safety","0","{""title"":""[PDF] The Playbook | Public Safety Medical"",""link"":""https://publicsafetymed.com/wp-content/uploads/2017/02/ThePlaybook-WellnessFitnessGuide.pdf"",""snippet"":""The Indiana Fire Chief's Association is proud to partner with the Professional. Firefighter's Union of Indiana and Public Safety Medical in encouraging our ...""}","2026-04-14 03:37:37.442814","2026-04-14 03:37:37.442814"
"5197597a-f9ae-46ac-a076-fce9d9224dfa","CA","procurement","California Court of Appeal Upholds Requirement of Fitness for Duty ...","On September 2, 2014, a California appellate court upheld an order requiring a college math professor to undergo a “fitness for duty ...","https://www.aalrr.com/Labor-Employment-Law-Blog/california-court-of-appeal-upholds-requirement-of-fitness-for-duty-exam",,"California","news","0","{""title"":""California Court of Appeal Upholds Requirement of Fitness for Duty ..."",""link"":""https://www.aalrr.com/Labor-Employment-Law-Blog/california-court-of-appeal-upholds-requirement-of-fitness-for-duty-exam"",""snippet"":""On September 2, 2014, a California appellate court upheld an order requiring a college math professor to undergo a “fitness for duty ..."",""date"":""Sep 11, 2014""}","2026-05-31 23:22:46.048438","2026-05-31 23:22:46.048438"
"529ff70d-6011-40c2-b9b9-cb0dc11b5aa9","TX","procurement","State, Local & Cooperative Contracts - John Deere","NASPO ValuePoint Ground Maintenance Equipment Contract #N-2025-GME-0001 ... BuyBoard (Administered by Texas Association of School Boards) – Contract #515-16.","https://www.deere.com/en/government-and-military-sales/state-and-local-purchasing/",,"Texas","legislation","10","{""title"":""State, Local & Cooperative Contracts - John Deere"",""link"":""https://www.deere.com/en/government-and-military-sales/state-and-local-purchasing/"",""snippet"":""NASPO ValuePoint Ground Maintenance Equipment Contract #N-2025-GME-0001 ... BuyBoard (Administered by Texas Association of School Boards) – Contract #515-16.""}","2026-06-24 05:00:29.25884","2026-06-24 05:00:29.25884"
"53025504-8d66-41c3-a345-6f3e77946316","TX","procurement","Rfp-Od-419-25 Drug Testing And Related Services - HigherGov","Rfp-Od-419-25 Drug Testing And Related Services. ID: RFP-OD-419.25 • State: Texas ... state regulations regarding drug testing. Specific requirements will ...","https://www.highergov.com/sl/contract-opportunity/tx-rfp-od-419-25-drug-testing-and-related-s-43281220/",,"Texas","rfp","20","{""title"":""Rfp-Od-419-25 Drug Testing And Related Services - HigherGov"",""link"":""https://www.highergov.com/sl/contract-opportunity/tx-rfp-od-419-25-drug-testing-and-related-s-43281220/"",""snippet"":""Rfp-Od-419-25 Drug Testing And Related Services. ID: RFP-OD-419.25 • State: Texas ... state regulations regarding drug testing. Specific requirements will ...""}","2026-06-24 05:00:26.946748","2026-06-24 05:00:26.946748"
"53c00400-b344-4a74-9375-9ff4ad4604ff","TX","procurement","Drug Testing Services - Bid Information - Treasury, Department Of The","The contractor shall provide drug testing services for the Bureau of Engraving and Printing (BEP) in Fort Worth, Texas and Washington, D.C. ...","https://www.bidnetdirect.com/texas/solicitations/open-bids/statewide/Drug-Testing-Services/2569049752",,"Texas","legislation","30","{""title"":""Drug Testing Services - Bid Information - Treasury, Department Of The"",""link"":""https://www.bidnetdirect.com/texas/solicitations/open-bids/statewide/Drug-Testing-Services/2569049752"",""snippet"":""The contractor shall provide drug testing services for the Bureau of Engraving and Printing (BEP) in Fort Worth, Texas and Washington, D.C. ...""}","2026-06-24 05:00:26.87145","2026-06-24 05:00:26.87145"
"57b36820-52e1-4b44-9b8d-cb18f659066d","IN","procurement","PUBLIC NOTICES 03.19.2026 | morgancountycorrespondent.com","This RFP is intended to be a streamlined and competitive procurement process consistent with applicable Indiana law. PROJECT OBJECTIVES. The ...","https://morgancountycorrespondent.com/2026/03/19/public-notices-03-19-2026/",,"Indiana","rfp","20","{""title"":""PUBLIC NOTICES 03.19.2026 | morgancountycorrespondent.com"",""link"":""https://morgancountycorrespondent.com/2026/03/19/public-notices-03-19-2026/"",""snippet"":""This RFP is intended to be a streamlined and competitive procurement process consistent with applicable Indiana law. PROJECT OBJECTIVES. The ..."",""date"":""Mar 19, 2026""}","2026-04-14 03:37:37.415003","2026-04-14 03:37:37.415003"
"5ab27072-b733-4b53-862f-9a777026374a","CA","procurement","Invitation For Bid (IFB) 26-10030 Rebid #2 - CLS... - HigherGov","Details for Invitation For Bid (IFB) 26-10030 Rebid #2 - CLS Occupational Health and Medical Surveillance (26-10030) from the California Department of Public","https://www.highergov.com/sl/contract-opportunity/ca-invitation-for-bid-ifb-26-10030-rebid-66785583/",,"California","news","20","{""title"":""Invitation For Bid (IFB) 26-10030 Rebid #2 - CLS... - HigherGov"",""link"":""https://www.highergov.com/sl/contract-opportunity/ca-invitation-for-bid-ifb-26-10030-rebid-66785583/"",""snippet"":""Details for Invitation For Bid (IFB) 26-10030 Rebid #2 - CLS Occupational Health and Medical Surveillance (26-10030) from the California Department of Public""}","2026-05-31 23:22:44.67154","2026-05-31 23:22:44.67154"
"5db68ea1-8a03-41a1-8cf5-d40c34b54ebf","IN","procurement","Drug Testing Bids and RFPs - HigherGov","Drug Testing Bids and RFPs. Add Filters. active_opp, exclude, followed ... occupational health. Vendors specializing in medical services, occupational ...","https://www.highergov.com/sl/contract-opportunities/drug-testing/",,"Indiana","rfp","40","{""title"":""Drug Testing Bids and RFPs - HigherGov"",""link"":""https://www.highergov.com/sl/contract-opportunities/drug-testing/"",""snippet"":""Drug Testing Bids and RFPs. Add Filters. active_opp, exclude, followed ... occupational health. Vendors specializing in medical services, occupational ...""}","2026-04-14 03:37:37.406772","2026-04-14 03:37:37.406772"
"603b15de-c9e9-4bcb-8ab8-3a583aef0d79","CA","procurement","Explore Contract Portfolios - NASPO ValuePoint","California, Colorado, Connecticut, Delaware, District Of Columbia, Florida ... Medicaid Enterprise Systems - Pharmacy Benefit Services (2025 - 2035).","https://www.naspovaluepoint.org/portfolios/page/2/?sortBy=name&sortByDir=asc",,"California","legislation","10","{""title"":""Explore Contract Portfolios - NASPO ValuePoint"",""link"":""https://www.naspovaluepoint.org/portfolios/page/2/?sortBy=name&sortByDir=asc"",""snippet"":""California, Colorado, Connecticut, Delaware, District Of Columbia, Florida ... Medicaid Enterprise Systems - Pharmacy Benefit Services (2025 - 2035).""}","2026-05-31 23:22:46.678357","2026-05-31 23:22:46.678357"
"66388fb1-7d18-4981-b8a5-a4aa9b29d23c","CA","procurement","Statewide IDIQ & Cooperative Contracts - RFP Helper","Contract Type: Statewide IDIQ Client: Healthcare Staffing Agency Impact: Secured positions on staffing contracts in California, New York, and Texas, leading ...","https://rfphelper.com/service/statewide-idiq-cooperative-contracts/",,"California","rfp","20","{""title"":""Statewide IDIQ & Cooperative Contracts - RFP Helper"",""link"":""https://rfphelper.com/service/statewide-idiq-cooperative-contracts/"",""snippet"":""Contract Type: Statewide IDIQ Client: Healthcare Staffing Agency Impact: Secured positions on staffing contracts in California, New York, and Texas, leading ...""}","2026-05-31 23:22:47.091008","2026-05-31 23:22:47.091008"
"66583cb6-154d-4252-848a-e7103aa5dd5e","IN","procurement","[PDF] RFP-21-01-383-On-Site-Clinic-and-Wellness-Program-ADDENDUM ...","7. Does the MD with CDL medical examiner certification do more than DOT physicals, does the provider ... Indiana? IPTC will not provide the ...","https://www.indygo.net/wp-content/uploads/2021/03/RFP-21-01-383-On-Site-Clinic-and-Wellness-Program-ADDENDUM-1.pdf",,"Indiana","rfp","40","{""title"":""[PDF] RFP-21-01-383-On-Site-Clinic-and-Wellness-Program-ADDENDUM ..."",""link"":""https://www.indygo.net/wp-content/uploads/2021/03/RFP-21-01-383-On-Site-Clinic-and-Wellness-Program-ADDENDUM-1.pdf"",""snippet"":""7. Does the MD with CDL medical examiner certification do more than DOT physicals, does the provider ... Indiana? IPTC will not provide the ..."",""date"":""Mar 30, 2021""}","2026-04-14 03:37:37.423665","2026-04-14 03:37:37.423665"
"6c552672-7f82-44df-ae38-6b8b5b87bafa","IN","procurement","Vista City Council to Meet December 9 Tuesday ... - Facebook","Indiana; Operating Budget Overview; Zone changes on Taylor St. Error ... Award Professional Services Contract to PBK Architects Inc.","https://www.facebook.com/CityofVista/posts/vista-city-council-to-meet-december-9tuesday-december-9-2025-530-pmcity-council-/1270050375156009/",,"Indiana","award","20","{""title"":""Vista City Council to Meet December 9 Tuesday ... - Facebook"",""link"":""https://www.facebook.com/CityofVista/posts/vista-city-council-to-meet-december-9tuesday-december-9-2025-530-pmcity-council-/1270050375156009/"",""snippet"":""Indiana; Operating Budget Overview; Zone changes on Taylor St. Error ... Award Professional Services Contract to PBK Architects Inc."",""date"":""Dec 4, 2025""}","2026-04-14 03:37:37.477988","2026-04-14 03:37:37.477988"
"705f25d1-bfdc-433e-aceb-ec9abbdd845d","CA","procurement","[PDF] Request for Proposal - Medical Evaluation Services - Anaheim.net","The DOT physical exam is performed by a certified medical ... WEBER, Ph.D., Secretary of State of the State of California, hereby certify:.","https://local.anaheim.net/docs_agend/questys_pub/36702/36732/36733/36784/36839/1.%20Agreement%20-%20Occupational%20Health%20Centers%20of%20California,%20dba%20Concentra%20Medical%20Centers36839.pdf",,"California","rfp","10","{""title"":""[PDF] Request for Proposal - Medical Evaluation Services - Anaheim.net"",""link"":""https://local.anaheim.net/docs_agend/questys_pub/36702/36732/36733/36784/36839/1.%20Agreement%20-%20Occupational%20Health%20Centers%20of%20California,%20dba%20Concentra%20Medical%20Centers36839.pdf"",""snippet"":""The DOT physical exam is performed by a certified medical ... WEBER, Ph.D., Secretary of State of the State of California, hereby certify:."",""date"":""Feb 2, 2004""}","2026-05-31 23:22:45.773617","2026-05-31 23:22:45.773617"
"714a239b-024f-40cd-9cd8-eec32c16dac9","TX","procurement","NASPO ValuePoint Rescue & Public Protection Equipment Contract","NASPO ValuePoint Cooperative Purchasing Program for Rescue and Public Protection Equipment. ... Texas, Utah, U.S. Virgin Islands, Vermont, Virginia, Washington ...","https://www.safewareinc.com/contracts/naspo/",,"Texas","legislation","10","{""title"":""NASPO ValuePoint Rescue & Public Protection Equipment Contract"",""link"":""https://www.safewareinc.com/contracts/naspo/"",""snippet"":""NASPO ValuePoint Cooperative Purchasing Program for Rescue and Public Protection Equipment. ... Texas, Utah, U.S. Virgin Islands, Vermont, Virginia, Washington ...""}","2026-06-24 05:00:29.11525","2026-06-24 05:00:29.11525"
"71a9e8d4-8999-4384-a2a7-68e819745d0e","TX","procurement","Texas Bids, State Government Contracts & RFPs - BidNet Direct","Find all Bids, RFPs, state government contracts & solicitations for Texas Purchasing Group at BidNet Direct ... RFPs, bids and awards on the Texas bid system.","https://www.bidnetdirect.com/texas",,"Texas","rfp","50","{""title"":""Texas Bids, State Government Contracts & RFPs - BidNet Direct"",""link"":""https://www.bidnetdirect.com/texas"",""snippet"":""Find all Bids, RFPs, state government contracts & solicitations for Texas Purchasing Group at BidNet Direct ... RFPs, bids and awards on the Texas bid system.""}","2026-06-24 05:00:27.742018","2026-06-24 05:00:27.742018"
"72073301-fcb3-4dc6-941b-a89b93e2e599","CA","procurement","California Bids, State Government Contracts & RFPs - BidNet Direct","Welcome to the California Purchasing Group! Register for extensive access to statewide RFPs, bids and awards throughout California.","https://www.bidnetdirect.com/california",,"California","rfp","40","{""title"":""California Bids, State Government Contracts & RFPs - BidNet Direct"",""link"":""https://www.bidnetdirect.com/california"",""snippet"":""Welcome to the California Purchasing Group! Register for extensive access to statewide RFPs, bids and awards throughout California.""}","2026-05-31 23:22:45.704838","2026-05-31 23:22:45.704838"
"73586a81-2d2b-4867-8d6b-949fb8af9d9f","TX","procurement","Contracts for June 9, 2026 - Department of War","... occupational health. Bids were solicited via the internet with four ... Work will be performed in Fort Worth, Texas (59%); El Segundo ...","https://www.war.gov/News/Contracts/Contract/Article/4512718/contracts-for-june-9-2026/",,"Texas","legislation","30","{""title"":""Contracts for June 9, 2026 - Department of War"",""link"":""https://www.war.gov/News/Contracts/Contract/Article/4512718/contracts-for-june-9-2026/"",""snippet"":""... occupational health. Bids were solicited via the internet with four ... Work will be performed in Fort Worth, Texas (59%); El Segundo ..."",""date"":""Jun 9, 2026""}","2026-06-24 05:00:27.45191","2026-06-24 05:00:27.45191"
"7460e2e0-fe6c-42d9-9a6b-113d7b80ad30","TX","procurement","IW224638 Drug Testing Services - Monahans District Parole Office","The Texas Department of Criminal Justice (TDCJ) is conducting a procurement for drug testing services, specifically seeking oral fluid lab ...","https://govtribe.com/opportunity/state-local-contract-opportunity/invitation-for-bids-iw224638-drug-testing-services-monahans-district-parole-office-iw224638",,"Texas","news","20","{""title"":""IW224638 Drug Testing Services - Monahans District Parole Office"",""link"":""https://govtribe.com/opportunity/state-local-contract-opportunity/invitation-for-bids-iw224638-drug-testing-services-monahans-district-parole-office-iw224638"",""snippet"":""The Texas Department of Criminal Justice (TDCJ) is conducting a procurement for drug testing services, specifically seeking oral fluid lab ..."",""date"":""Aug 8, 2025""}","2026-06-24 05:00:27.235809","2026-06-24 05:00:27.235809"
"74c5ae1f-2b11-430f-8c15-6bd54b93725c","IN","procurement","[PDF] Request for Proposal Response - Equalis Group","Many states are now reporting CDL Medical Certificate information; ... Indiana. Montana. Arkansas. Iowa. Nebraska. California. Kansas. Nevada.","https://equalisgroup.org/wp-content/uploads/2021/08/RFP-Region-10-Background-Screening-RFP-Response-HireRight-Reduced-file-size.pdf",,"Indiana","rfp","10","{""title"":""[PDF] Request for Proposal Response - Equalis Group"",""link"":""https://equalisgroup.org/wp-content/uploads/2021/08/RFP-Region-10-Background-Screening-RFP-Response-HireRight-Reduced-file-size.pdf"",""snippet"":""Many states are now reporting CDL Medical Certificate information; ... Indiana. Montana. Arkansas. Iowa. Nebraska. California. Kansas. Nevada."",""date"":""Jul 1, 2021""}","2026-04-14 03:37:37.433924","2026-04-14 03:37:37.433924"
"75beae6c-636e-49bb-aeac-d1261d7981ef","TX","procurement","[PDF] rfp no. 2019-106 request for proposals for employee drug and ...","Perform DOT physical examinations. MUST provide ... Statutory bid limit refers to the Texas Local Government Code provision that requires.","https://www.tarrantcountytx.gov/content/dam/main/purchasing/Bids%20and%20RFPs/2019_Bids-RFPs/2019-106_RFP.pdf",,"Texas","rfp","30","{""title"":""[PDF] rfp no. 2019-106 request for proposals for employee drug and ..."",""link"":""https://www.tarrantcountytx.gov/content/dam/main/purchasing/Bids%20and%20RFPs/2019_Bids-RFPs/2019-106_RFP.pdf"",""snippet"":""Perform DOT physical examinations. MUST provide ... Statutory bid limit refers to the Texas Local Government Code provision that requires."",""date"":""Mar 5, 2019""}","2026-06-24 05:00:27.962848","2026-06-24 05:00:27.962848"
"7743e18b-0867-43cc-9ed9-bca9838d6038","CA","procurement","Naspo ValuePoint - Grainger Industrial Supply","... NASPO) provides the highest standard of excellence in public cooperative contracting. ... California NASPO ValuePoint · University of Southern California.","https://www.grainger.com/content/mc/clp-naspo/naspo",,"California","legislation","10","{""title"":""Naspo ValuePoint - Grainger Industrial Supply"",""link"":""https://www.grainger.com/content/mc/clp-naspo/naspo"",""snippet"":""... NASPO) provides the highest standard of excellence in public cooperative contracting. ... California NASPO ValuePoint · University of Southern California.""}","2026-05-31 23:22:47.022495","2026-05-31 23:22:47.022495"
"7f89599f-5241-4a74-9924-aa6726669bc3","IN","procurement","[PDF] WEST BAY SANITARY DISTRICT","DOT Physical - J. Gutierrez 9/8/25. 85.50. 73704. 9/10/2025 Redwood ... For trust accounts governed by Indiana law, a beneficiary may not ...","https://www.westbaysanitary.org/files/22138fcec/20251029WBSDAgendaPacket.pdf",,"Indiana","news","10","{""title"":""[PDF] WEST BAY SANITARY DISTRICT"",""link"":""https://www.westbaysanitary.org/files/22138fcec/20251029WBSDAgendaPacket.pdf"",""snippet"":""DOT Physical - J. Gutierrez 9/8/25. 85.50. 73704. 9/10/2025 Redwood ... For trust accounts governed by Indiana law, a beneficiary may not ..."",""date"":""Oct 29, 2025""}","2026-04-14 03:37:37.439263","2026-04-14 03:37:37.439263"
"801f894d-5904-4f06-b05f-2764d9cc1bc3","IN","procurement","[PDF] NASPO ValuePoint Master Agreement Award For Debris Removal ...","purchase the goods, services, and solutions available from NASPO. ValuePoint's cooperative Master Agreements. ... Indiana. Contractor and/or ...","https://www.ok.gov/dcs/solicit/app/viewAttachment.php?attachmentID=91251",,"Indiana","award","20","{""title"":""[PDF] NASPO ValuePoint Master Agreement Award For Debris Removal ..."",""link"":""https://www.ok.gov/dcs/solicit/app/viewAttachment.php?attachmentID=91251"",""snippet"":""purchase the goods, services, and solutions available from NASPO. ValuePoint's cooperative Master Agreements. ... Indiana. Contractor and/or ..."",""date"":""Sep 15, 2025""}","2026-04-14 03:37:37.470738","2026-04-14 03:37:37.470738"
"80eb88a9-04c1-4384-aa6f-1d5b0e1cf6ee","CA","procurement","Competitive Thresholds - RoSP Category - NASPO","For purposes of determining the lowest bid, the amount of sales tax shall be excluded from the total amount of the bid. Public Link 2: https://california.public ...","https://www.naspo.org/research-and-innovation/rosp-category/competitive-thresholds/",,"California","news","10","{""title"":""Competitive Thresholds - RoSP Category - NASPO"",""link"":""https://www.naspo.org/research-and-innovation/rosp-category/competitive-thresholds/"",""snippet"":""For purposes of determining the lowest bid, the amount of sales tax shall be excluded from the total amount of the bid. Public Link 2: https://california.public ...""}","2026-05-31 23:22:46.609847","2026-05-31 23:22:46.609847"
"83e96d9e-87e8-4347-837c-7037078fb2b7","IN","procurement","Latest News | Workforce Essentials","... DOT physical, Employee Drug Alcohol Testing, Pre-employment physical ... Indiana, Iowa, Kansas, Kentucky, Louisiana, Maine, Maryland, Massachusetts, Michigan ...","https://workforceessentials.com/latest-news/",,"Indiana","news","20","{""title"":""Latest News | Workforce Essentials"",""link"":""https://workforceessentials.com/latest-news/"",""snippet"":""... DOT physical, Employee Drug Alcohol Testing, Pre-employment physical ... Indiana, Iowa, Kansas, Kentucky, Louisiana, Maine, Maryland, Massachusetts, Michigan ...""}","2026-04-14 03:37:37.432051","2026-04-14 03:37:37.432051"
"852641d5-a9e2-4b42-a18a-5732ff7818d0","CA","procurement","AB 2282 has unanimously passed the California State Assembly ...","AB 2282 has unanimously passed the California State Assembly and is now headed to the State Senate ... Mobile Medical System comprised of a 10 bed ...","https://www.facebook.com/JuanAlanisCA/posts/ab-2282-has-unanimously-passed-the-california-state-assembly-and-is-now-headed-t/1002182732752925/",,"California","news","10","{""title"":""AB 2282 has unanimously passed the California State Assembly ..."",""link"":""https://www.facebook.com/JuanAlanisCA/posts/ab-2282-has-unanimously-passed-the-california-state-assembly-and-is-now-headed-t/1002182732752925/"",""snippet"":""AB 2282 has unanimously passed the California State Assembly and is now headed to the State Senate ... Mobile Medical System comprised of a 10 bed ..."",""date"":""3 days ago""}","2026-05-31 23:22:46.323952","2026-05-31 23:22:46.323952"
"85cc9fdc-c37d-4fdb-9ed2-9fcaef495cef","TX","procurement","NASPO ValuePoint - Cloud Solution Provider | Carahsoft","NASPO; OMNIA Partners. All Contracts · Cobb County · Software Solutions and Services · Texas DIR's. Education. back to main menu. All Education Contracts · The ...","https://www.carahsoft.com/naspo",,"Texas","legislation","10","{""title"":""NASPO ValuePoint - Cloud Solution Provider | Carahsoft"",""link"":""https://www.carahsoft.com/naspo"",""snippet"":""NASPO; OMNIA Partners. All Contracts · Cobb County · Software Solutions and Services · Texas DIR's. Education. back to main menu. All Education Contracts · The ...""}","2026-06-24 05:00:29.330653","2026-06-24 05:00:29.330653"
"875d9d8d-92b0-4645-98e8-d202da2d194e","CA","procurement","Meeting of BOARD OF SUPERVISORS on 12/9/2025 at 9:00 AM","C.56. Consent Item, APPROVE and AUTHORIZE the Health Services Director, or designee, to execute a contract amendment with California Mental Health Services ...","https://contra-costa.legistar.com/MeetingDetail.aspx?ID=1294703&GUID=A790D27C-8DF9-4009-B34F-6AE09770690F&Options=&Search=",,"California","legislation","10","{""title"":""Meeting of BOARD OF SUPERVISORS on 12/9/2025 at 9:00 AM"",""link"":""https://contra-costa.legistar.com/MeetingDetail.aspx?ID=1294703&GUID=A790D27C-8DF9-4009-B34F-6AE09770690F&Options=&Search="",""snippet"":""C.56. Consent Item, APPROVE and AUTHORIZE the Health Services Director, or designee, to execute a contract amendment with California Mental Health Services ...""}","2026-05-31 23:22:47.159538","2026-05-31 23:22:47.159538"
"887b055f-2526-4f38-870d-7802b08b3883","TX","procurement","Sandoval County firefighters get expanded health screenings ...","... Agreement with IH2S, a Texas-based mobile medical services provider. Under the new contract, “Hot Zone” firefighters — those who work in ...","https://sandovalsignpost.com/2026/03/sandoval-county-firefighters-get-expanded-health-screenings-including-cancer-testing/",,"Texas","legislation","20","{""title"":""Sandoval County firefighters get expanded health screenings ..."",""link"":""https://sandovalsignpost.com/2026/03/sandoval-county-firefighters-get-expanded-health-screenings-including-cancer-testing/"",""snippet"":""... Agreement with IH2S, a Texas-based mobile medical services provider. Under the new contract, “Hot Zone” firefighters — those who work in ..."",""date"":""Mar 26, 2026""}","2026-06-24 05:00:28.970798","2026-06-24 05:00:28.970798"
"8946b6d9-b1e9-4418-b426-96a2cdc2c9ac","IN","procurement","[PDF] HB1198.2 - LegiScan","Be it enacted by the General Assembly of the State of Indiana: 1 ... requirement for submitting an employee drug testing program, unless the ...","https://legiscan.com/IN/text/HB1198/id/3096121/Indiana-2025-HB1198-Engrossed.pdf",,"Indiana","legislation","10","{""title"":""[PDF] HB1198.2 - LegiScan"",""link"":""https://legiscan.com/IN/text/HB1198/id/3096121/Indiana-2025-HB1198-Engrossed.pdf"",""snippet"":""Be it enacted by the General Assembly of the State of Indiana: 1 ... requirement for submitting an employee drug testing program, unless the ..."",""date"":""Feb 4, 2025""}","2026-04-14 03:37:37.421877","2026-04-14 03:37:37.421877"
"8ad4c0b4-e023-468b-a1cb-e539bfb85064","CA","procurement","Open Government Bids in California - Public Bid Tracker","... open government procurement bids in California. State and local ... DRUG TESTING SERVICES, Posted, Due in 2d 2026-05-26▽. Bid ...","https://publicbidtracker.com/california/open-bids/",,"California","news","30","{""title"":""Open Government Bids in California - Public Bid Tracker"",""link"":""https://publicbidtracker.com/california/open-bids/"",""snippet"":""... open government procurement bids in California. State and local ... DRUG TESTING SERVICES, Posted, Due in 2d 2026-05-26▽. Bid ..."",""date"":""May 23, 2026""}","2026-05-31 23:22:44.879078","2026-05-31 23:22:44.879078"
"8b9d2fcb-e5c2-4cda-9ae5-7c91998f7ed7","TX","procurement","[PDF] ACCEPTING THE BID FROM PROGRESSIVE EMERGENCY PROD","Mobile Medical Response and Treatment Facility Trailer ... Vendor shall not include federal taxes nor State of Texas limited salesexciseund use taxes in prices, ...","https://webapp9.sanantonio.gov/FileNetArchive/%7B737F479E-AED4-44C7-B4ED-F4BC3611469E%7D/%7B737F479E-AED4-44C7-B4ED-F4BC3611469E%7D.pdf",,"Texas","emergency","20","{""title"":""[PDF] ACCEPTING THE BID FROM PROGRESSIVE EMERGENCY PROD"",""link"":""https://webapp9.sanantonio.gov/FileNetArchive/%7B737F479E-AED4-44C7-B4ED-F4BC3611469E%7D/%7B737F479E-AED4-44C7-B4ED-F4BC3611469E%7D.pdf"",""snippet"":""Mobile Medical Response and Treatment Facility Trailer ... Vendor shall not include federal taxes nor State of Texas limited salesexciseund use taxes in prices, ...""}","2026-06-24 05:00:28.681859","2026-06-24 05:00:28.681859"
"8bbea243-142c-43e9-859c-e92a529d2bec","TX","procurement","employee drug testing program Bids, RFP & Government Contracts","(Texas, United States). Opp Type: Pre-Bid Notification. Due Date: Jun 01, 2027. RFSQ #HM2023-0313 - Occupational Health Medical Examination Services - Closing ...","https://www.instantmarkets.com/q/employee_drug_testing_program?ot=Bid%20Notification,Pre-Bid%20Notification&pg=1&os=Active",,"Texas","rfp","60","{""title"":""employee drug testing program Bids, RFP & Government Contracts"",""link"":""https://www.instantmarkets.com/q/employee_drug_testing_program?ot=Bid%20Notification,Pre-Bid%20Notification&pg=1&os=Active"",""snippet"":""(Texas, United States). Opp Type: Pre-Bid Notification. Due Date: Jun 01, 2027. RFSQ #HM2023-0313 - Occupational Health Medical Examination Services - Closing ...""}","2026-06-24 05:00:27.09133","2026-06-24 05:00:27.09133"
"8d685f5e-25ba-4d6e-b2e2-d7956a9fd422","TX","procurement","Current Bid Opportunities - Supply Chain - UTMB","... RFP/RFB number that they will be responding to; and (b) their name ... © The University of Texas Medical Branch at Galveston Member, Texas Medical Center®.","https://www.utmb.edu/supplychain/bid-opportunities",,"Texas","rfp","20","{""title"":""Current Bid Opportunities - Supply Chain - UTMB"",""link"":""https://www.utmb.edu/supplychain/bid-opportunities"",""snippet"":""... RFP/RFB number that they will be responding to; and (b) their name ... © The University of Texas Medical Branch at Galveston Member, Texas Medical Center®.""}","2026-06-24 05:00:27.813892","2026-06-24 05:00:27.813892"
"8f5fd841-52e1-4b66-9c9b-05644f15b66e","TX","procurement","Texas Releases STAR+PLUS RFP - Health Management Associates","This week, our In Focus section reviews the Texas STAR+PLUS managed care services request for proposals (RFP) released on March 31, 2022, ...","https://www.healthmanagement.com/blog/texas-releases-starplus-rfp/",,"Texas","rfp","10","{""title"":""Texas Releases STAR+PLUS RFP - Health Management Associates"",""link"":""https://www.healthmanagement.com/blog/texas-releases-starplus-rfp/"",""snippet"":""This week, our In Focus section reviews the Texas STAR+PLUS managed care services request for proposals (RFP) released on March 31, 2022, ..."",""date"":""Apr 7, 2022""}","2026-06-24 05:00:28.250719","2026-06-24 05:00:28.250719"
"913a0bd2-58b6-4c21-94c1-9186cd69f0ca","IN","procurement","[PDF] Munis Contract# 3203416 - City of Santa Fe","DOT Physical Pre-placement. $75.00. $77.25. 80.00. $80.00. DOT Physical ... INDIANA PHYSICIAN PROFESSIONAL LIABILITY COVERAGE - Continental ...","https://santafenm.gov/media/sunshine_contracts/23-0083_Occupational_Health_Centers_of_the_Southwest%2C_P.A_._dba_Concentra_Medical_Centers_.pdf",,"Indiana","legislation","30","{""title"":""[PDF] Munis Contract# 3203416 - City of Santa Fe"",""link"":""https://santafenm.gov/media/sunshine_contracts/23-0083_Occupational_Health_Centers_of_the_Southwest%2C_P.A_._dba_Concentra_Medical_Centers_.pdf"",""snippet"":""DOT Physical Pre-placement. $75.00. $77.25. 80.00. $80.00. DOT Physical ... INDIANA PHYSICIAN PROFESSIONAL LIABILITY COVERAGE - Continental ..."",""date"":""Jan 1, 2024""}","2026-04-14 03:37:37.429427","2026-04-14 03:37:37.429427"
"95541c7f-867a-41a4-b433-25194be4faf1","TX","procurement","[PDF] Request for Proposals to Perform DOT and Non-DOT Employment ...","at minimum all the non-dot physical requirements plus: ... The parties hereby agree that the agreement will be made and entered into the. State of Texas and under ...","https://www.brownsvilletx.gov/DocumentCenter/View/8607/PSL-55-0919-RFP-Physical-Screening-and-Laboratory-Testing-Services?bidId=",,"Texas","rfp","10","{""title"":""[PDF] Request for Proposals to Perform DOT and Non-DOT Employment ..."",""link"":""https://www.brownsvilletx.gov/DocumentCenter/View/8607/PSL-55-0919-RFP-Physical-Screening-and-Laboratory-Testing-Services?bidId="",""snippet"":""at minimum all the non-dot physical requirements plus: ... The parties hereby agree that the agreement will be made and entered into the. State of Texas and under ...""}","2026-06-24 05:00:27.597161","2026-06-24 05:00:27.597161"
"95e7133c-24df-4a61-8477-88396fe001c3","CA","procurement","[PDF] SPECIAL REVIEW OF THE MEDICAL CONTRACTING PROCESS","... Corrections Health ... Division and were paid by the State Controller's Office under the California Medical. Facility contract in the amount of $1,026,233.","https://www.oig.ca.gov/wp-content/uploads/2019/05/Medical-Contracting-Process-Health-Care-Services-Division-Department-of-Corrections-Special-Review.pdf",,"California","legislation","10","{""title"":""[PDF] SPECIAL REVIEW OF THE MEDICAL CONTRACTING PROCESS"",""link"":""https://www.oig.ca.gov/wp-content/uploads/2019/05/Medical-Contracting-Process-Health-Care-Services-Division-Department-of-Corrections-Special-Review.pdf"",""snippet"":""... Corrections Health ... Division and were paid by the State Controller's Office under the California Medical. Facility contract in the amount of $1,026,233.""}","2026-05-31 23:22:45.911226","2026-05-31 23:22:45.911226"
"962fddea-4d0e-4ce1-ae89-1decf4a36d61","IN","procurement","Sitemap | Business Software Alliance","US: BSA Letter to Indiana House Judiciary Committee on SB 5 – Data Privacy ... US: BSA Comments to NASPO on Cooperative Purchasing Contract for Cloud Solutions ...","https://www.bsa.org/sitemap",,"Indiana","legislation","10","{""title"":""Sitemap | Business Software Alliance"",""link"":""https://www.bsa.org/sitemap"",""snippet"":""US: BSA Letter to Indiana House Judiciary Committee on SB 5 – Data Privacy ... US: BSA Comments to NASPO on Cooperative Purchasing Contract for Cloud Solutions ...""}","2026-04-14 03:37:37.474541","2026-04-14 03:37:37.474541"
"98c41334-d6ac-4635-a728-e9b32c54a623","CA","procurement","[PDF] Invitation for Bid IFB 2022-20: Employee Fitness for Duty Medical ...","State Tax Delinquency. Page 10. IFB 2022-20: Employee Fitness for Duty Medical Evaluations. (V.02.08.2023). Page 10. Covered California will ...","https://hbex.coveredca.com/solicitations/ifb-2022-20/IFB%202022-20_%20Employee%20Fitness%20for%20Duty%20Medical%20Evaluations-Final.pdf",,"California","news","10","{""title"":""[PDF] Invitation for Bid IFB 2022-20: Employee Fitness for Duty Medical ..."",""link"":""https://hbex.coveredca.com/solicitations/ifb-2022-20/IFB%202022-20_%20Employee%20Fitness%20for%20Duty%20Medical%20Evaluations-Final.pdf"",""snippet"":""State Tax Delinquency. Page 10. IFB 2022-20: Employee Fitness for Duty Medical Evaluations. (V.02.08.2023). Page 10. Covered California will ..."",""date"":""May 15, 2023""}","2026-05-31 23:22:46.186351","2026-05-31 23:22:46.186351"
"999243b5-5e83-494e-aee0-becb034483e3","IN","procurement","Empire State Cooperative Procurement | Safeware Inc.","Medical, Health Service and Public Health; Educational Facilities, K-12 ... Indiana, Iowa, Kansas, Kentucky, Louisiana, Maine, Maryland, Massachusetts, Michigan ...","https://www.safewarecontracts.com/contracts/ny-empire-procure-connect",,"Indiana","news","10","{""title"":""Empire State Cooperative Procurement | Safeware Inc."",""link"":""https://www.safewarecontracts.com/contracts/ny-empire-procure-connect"",""snippet"":""Medical, Health Service and Public Health; Educational Facilities, K-12 ... Indiana, Iowa, Kansas, Kentucky, Louisiana, Maine, Maryland, Massachusetts, Michigan ...""}","2026-04-14 03:37:37.472701","2026-04-14 03:37:37.472701"
"9c8710f9-afe3-41eb-94c7-b5c91475838f","TX","procurement","[PDF] NASPO ValuePoint Master Agreement Award For Debris Removal ...","purchase the goods, services, and solutions available from NASPO. ValuePoint's cooperative Master Agreements. ... Texas. Contractor and/or ...","https://www.ok.gov/dcs/solicit/app/viewAttachment.php?attachmentID=91132",,"Texas","award","20","{""title"":""[PDF] NASPO ValuePoint Master Agreement Award For Debris Removal ..."",""link"":""https://www.ok.gov/dcs/solicit/app/viewAttachment.php?attachmentID=91132"",""snippet"":""purchase the goods, services, and solutions available from NASPO. ValuePoint's cooperative Master Agreements. ... Texas. Contractor and/or ..."",""date"":""Aug 18, 2025""}","2026-06-24 05:00:29.692145","2026-06-24 05:00:29.692145"
"9c9a9a06-7e2b-49b9-98ee-b0242fda10cc","TX","procurement","RFP 25-143; 6100019323 ANNUAL CONTRACT FOR ... - Bid Banana","RFP 25-143; 6100019323 ANNUAL CONTRACT FOR OCCUPATIONAL HEALTH TESTING. Agency: City of San Antonio. State: Texas. NAICS Code: 621498. Industry: Healthcare and ...","https://bidbanana.thebidlab.com/bid/yngoVG2j6S2HNrsPw9G9",,"Texas","rfp","40","{""title"":""RFP 25-143; 6100019323 ANNUAL CONTRACT FOR ... - Bid Banana"",""link"":""https://bidbanana.thebidlab.com/bid/yngoVG2j6S2HNrsPw9G9"",""snippet"":""RFP 25-143; 6100019323 ANNUAL CONTRACT FOR OCCUPATIONAL HEALTH TESTING. Agency: City of San Antonio. State: Texas. NAICS Code: 621498. Industry: Healthcare and ...""}","2026-06-24 05:00:27.307629","2026-06-24 05:00:27.307629"
"9d29058a-9aef-48bf-b342-6d2e2e10a625","CA","procurement","[DOC] https://alamedacountyca.gov/gsaapp/purchasing/bidC...","... RFP and meets the County's requirements. B ... State of California. Contractor must use staff ... (%6) The objectives of the County pre-employment exam ...","https://alamedacountyca.gov/gsaapp/purchasing/bidContent_ftp/rfpDocs/2650_902234-RFP-Pre-Employment-Exams-and-Occupational-Health.docx",,"California","rfp","40","{""title"":""[DOC] https://alamedacountyca.gov/gsaapp/purchasing/bidC..."",""link"":""https://alamedacountyca.gov/gsaapp/purchasing/bidContent_ftp/rfpDocs/2650_902234-RFP-Pre-Employment-Exams-and-Occupational-Health.docx"",""snippet"":""... RFP and meets the County's requirements. B ... State of California. Contractor must use staff ... (%6) The objectives of the County pre-employment exam ...""}","2026-05-31 23:22:45.291686","2026-05-31 23:22:45.291686"
"9f951ac7-a3cb-4753-966b-b208f590e6cc","CA","procurement","Drug Testing Bids & RFPs - BidPrime","Government Bids & RFPs ; Drug Testing Services. Florida. May 14, 2026 ; RFQ #26-050 - Toxicology Services. California. May 22, 2026 ; ITB Goods/Services for the ...","https://www.bidprime.com/bid/category/drug-and-alcohol-testing-services",,"California","rfp","30","{""title"":""Drug Testing Bids & RFPs - BidPrime"",""link"":""https://www.bidprime.com/bid/category/drug-and-alcohol-testing-services"",""snippet"":""Government Bids & RFPs ; Drug Testing Services. Florida. May 14, 2026 ; RFQ #26-050 - Toxicology Services. California. May 22, 2026 ; ITB Goods/Services for the ...""}","2026-05-31 23:22:45.15387","2026-05-31 23:22:45.15387"
"a24002c9-c248-40a2-ab45-637112530c20","IN","procurement","Wednesday, April 15, 2026 - Special Letting - IN.gov","Failure to register as a valid bidder will cause failure of the Bid Express bid submission process. Failure to submit Drug Testing ... Copyright © 2026 State of ...","https://www.in.gov/indot/doing-business-with-indot/home/contracts/letting-archives2/wednesday,-april-15,-2026-special-letting/",,"Indiana","news","20","{""title"":""Wednesday, April 15, 2026 - Special Letting - IN.gov"",""link"":""https://www.in.gov/indot/doing-business-with-indot/home/contracts/letting-archives2/wednesday,-april-15,-2026-special-letting/"",""snippet"":""Failure to register as a valid bidder will cause failure of the Bid Express bid submission process. Failure to submit Drug Testing ... Copyright © 2026 State of ...""}","2026-04-14 03:37:37.409788","2026-04-14 03:37:37.409788"
"a7f125fd-08aa-4e4e-b90d-54384643cb5a","CA","procurement","[PDF] SoCal Procurement Alliance Meeting 2.27.25","To protect the public health and environment, the California Air. Resources Board's (CARB) regulations and innovative programs help propel the state in ...","https://cpo.oc.gov/sites/cpo/files/2025-03/2.27.25%20SoCal%20Procurement%20Alliance%20Meeting.pdf",,"California","news","10","{""title"":""[PDF] SoCal Procurement Alliance Meeting 2.27.25"",""link"":""https://cpo.oc.gov/sites/cpo/files/2025-03/2.27.25%20SoCal%20Procurement%20Alliance%20Meeting.pdf"",""snippet"":""To protect the public health and environment, the California Air. Resources Board's (CARB) regulations and innovative programs help propel the state in ...""}","2026-05-31 23:22:46.747318","2026-05-31 23:22:46.747318"
"a7fc2438-5efc-4f62-b0d0-69883c40f9a3","CA","procurement","California Contract Healthcare Management Firm Locked Out; Fees ...","California Contract Healthcare Management Firm Locked Out; Fees Withheld; ... s no-bid contract; he was subsequently investigated by the state ... Mobile Medical ...","https://www.prisonlegalnews.org/news/2007/sep/15/california-contract-healthcare-management-firm-locked-out-fees-withheld/",,"California","legislation","30","{""title"":""California Contract Healthcare Management Firm Locked Out; Fees ..."",""link"":""https://www.prisonlegalnews.org/news/2007/sep/15/california-contract-healthcare-management-firm-locked-out-fees-withheld/"",""snippet"":""California Contract Healthcare Management Firm Locked Out; Fees Withheld; ... s no-bid contract; he was subsequently investigated by the state ... Mobile Medical ...""}","2026-05-31 23:22:46.541009","2026-05-31 23:22:46.541009"
"a91f785d-90b8-4f9b-b8da-3269682242e6","IN","procurement","[PDF] 50 State Quick Reference","We have attempted to compile a comprehensive guide to mobile dental and mobile medical requirements for each state, along with ... Indiana State Board Of ...","https://5023058.fs1.hubspotusercontent-na1.net/hubfs/5023058/Mission%20Mobile%20Medical/50%20State%20Regulations%20Guide.pdf?hsCtaTracking=2caf4f85-f11c-4564-868a-4e650e4890aa%7C183d581b-6a49-456f-bb98-c6a613d11775",,"Indiana","news","10","{""title"":""[PDF] 50 State Quick Reference"",""link"":""https://5023058.fs1.hubspotusercontent-na1.net/hubfs/5023058/Mission%20Mobile%20Medical/50%20State%20Regulations%20Guide.pdf?hsCtaTracking=2caf4f85-f11c-4564-868a-4e650e4890aa%7C183d581b-6a49-456f-bb98-c6a613d11775"",""snippet"":""We have attempted to compile a comprehensive guide to mobile dental and mobile medical requirements for each state, along with ... Indiana State Board Of ...""}","2026-04-14 03:37:37.452268","2026-04-14 03:37:37.452268"
"a9f62e7a-f92e-437b-8362-7a9a0a184ab2","TX","procurement","RFP 739-SL3782534 - Vehicle Retrofit Services - Mobile Medical Van","Search Contract Opportunities. RFP 739-SL3782534 - Vehicle Retrofit Services - Mobile Medical Van. ID: RFP_739-SL3782534 • State: Texas.","https://www.highergov.com/sl/contract-opportunity/tx-rfp-739-sl3782534-vehicle-retrofit-ser-61853910/",,"Texas","rfp","30","{""title"":""RFP 739-SL3782534 - Vehicle Retrofit Services - Mobile Medical Van"",""link"":""https://www.highergov.com/sl/contract-opportunity/tx-rfp-739-sl3782534-vehicle-retrofit-ser-61853910/"",""snippet"":""Search Contract Opportunities. RFP 739-SL3782534 - Vehicle Retrofit Services - Mobile Medical Van. ID: RFP_739-SL3782534 • State: Texas."",""date"":""Feb 6, 2026""}","2026-06-24 05:00:28.754153","2026-06-24 05:00:28.754153"
"ac9270d8-6338-4cb5-8dd7-1e3fb0421469","IN","procurement","Indiana Health Care-Related Laws Update, July 2020 - Quarles","Visibly dismissed its Indiana lawsuit as a result of the US Food and Drug Administration (FDA) seeking to classify the app as a mobile medical ...","https://www.quarles.com/newsroom/publications/the-laws-they-are-a-changin-indiana-health-care-related-laws-update-july-2020",,"Indiana","news","10","{""title"":""Indiana Health Care-Related Laws Update, July 2020 - Quarles"",""link"":""https://www.quarles.com/newsroom/publications/the-laws-they-are-a-changin-indiana-health-care-related-laws-update-july-2020"",""snippet"":""Visibly dismissed its Indiana lawsuit as a result of the US Food and Drug Administration (FDA) seeking to classify the app as a mobile medical ..."",""date"":""Jul 21, 2020""}","2026-04-14 03:37:37.454053","2026-04-14 03:37:37.454053"
"acc7730b-0ce5-47e1-b571-7d15553dc819","IN","procurement","Federal Occupational Health (foh) Private Provider Network (fohnet)","Federal Occupational Health (foh) Private Provider Network (fohnet) Bid Information in Not Stated ... + Indiana Purchasing Group; + Iowa ...","https://www.bidnetdirect.com/not-stated/solicitations/open-bids/statewide/Federal-Occupational-Health-FOH-Private-Provider-Network-FOHNet/2678882147",,"Indiana","news","20","{""title"":""Federal Occupational Health (foh) Private Provider Network (fohnet)"",""link"":""https://www.bidnetdirect.com/not-stated/solicitations/open-bids/statewide/Federal-Occupational-Health-FOH-Private-Provider-Network-FOHNet/2678882147"",""snippet"":""Federal Occupational Health (foh) Private Provider Network (fohnet) Bid Information in Not Stated ... + Indiana Purchasing Group; + Iowa ..."",""date"":""Apr 3, 2026""}","2026-04-14 03:37:37.401859","2026-04-14 03:37:37.401859"
"ad8297a9-68fb-46db-889c-4383a182b7f8","CA","procurement","NASPO ValuePoint Rescue & Public Protection Equipment Contract","California, Colorado, Connecticut, Delaware, District of Columbia, Florida, Georgia, Guam, Hawaii, Idaho, Illinois, Indiana, Iowa, Kansas, Kentucky, Louisiana ...","https://www.safewareinc.com/contracts/naspo/",,"California","legislation","10","{""title"":""NASPO ValuePoint Rescue & Public Protection Equipment Contract"",""link"":""https://www.safewareinc.com/contracts/naspo/"",""snippet"":""California, Colorado, Connecticut, Delaware, District of Columbia, Florida, Georgia, Guam, Hawaii, Idaho, Illinois, Indiana, Iowa, Kansas, Kentucky, Louisiana ...""}","2026-05-31 23:22:46.816048","2026-05-31 23:22:46.816048"
"ae759213-9613-49fa-acb1-8a8cc302fcb8","IN","procurement","FY25 DYRS Invitation for Bid Drug Testing Services | Bid Banana","Title: FY25 DYRS Invitation for Bid Drug Testing ... CHP Employee Health and Wellness Section ¿ Health ... Indiana State Police. State: Indiana. Open Date: 3 ...","https://bidbanana.thebidlab.com/bid/tYGyf03ZLmNLyVq8Xfht",,"Indiana","news","30","{""title"":""FY25 DYRS Invitation for Bid Drug Testing Services | Bid Banana"",""link"":""https://bidbanana.thebidlab.com/bid/tYGyf03ZLmNLyVq8Xfht"",""snippet"":""Title: FY25 DYRS Invitation for Bid Drug Testing ... CHP Employee Health and Wellness Section ¿ Health ... Indiana State Police. State: Indiana. Open Date: 3 ...""}","2026-04-14 03:37:37.404127","2026-04-14 03:37:37.404127"
"b07f64db-9495-4a13-a526-2a3ba19ebf4f","TX","procurement","Explore Contract Portfolios - NASPO ValuePoint","Texas, Utah, Vermont, Virginia, Washington, West Virginia, Wisconsin, Wyoming. List ... Medicaid Enterprise Systems - Pharmacy Benefit Services (2025 - 2035).","https://www.naspovaluepoint.org/portfolios/page/2/?sortBy=name&sortByDir=asc",,"Texas","legislation","10","{""title"":""Explore Contract Portfolios - NASPO ValuePoint"",""link"":""https://www.naspovaluepoint.org/portfolios/page/2/?sortBy=name&sortByDir=asc"",""snippet"":""Texas, Utah, Vermont, Virginia, Washington, West Virginia, Wisconsin, Wyoming. List ... Medicaid Enterprise Systems - Pharmacy Benefit Services (2025 - 2035).""}","2026-06-24 05:00:29.043037","2026-06-24 05:00:29.043037"
"b089eeda-6b41-4b43-ba37-78a2165a9a1d","TX","procurement","Texas Army National Guard: Mobile Medical and Dental ... - SAM.gov","Texas Army National Guard: Mobile Medical and Dental Readiness Services- IDIQ · Classification · Description · Contact Information · Primary Point ...","https://sam.gov/workspace/contract/opp/d77d5352c0cf4841bb1be4cecf5f97fa/view",,"Texas","legislation","10","{""title"":""Texas Army National Guard: Mobile Medical and Dental ... - SAM.gov"",""link"":""https://sam.gov/workspace/contract/opp/d77d5352c0cf4841bb1be4cecf5f97fa/view"",""snippet"":""Texas Army National Guard: Mobile Medical and Dental Readiness Services- IDIQ · Classification · Description · Contact Information · Primary Point ..."",""date"":""Feb 6, 2026""}","2026-06-24 05:00:28.3228","2026-06-24 05:00:28.3228"
"b176797a-7322-4249-9b10-b5176bcfcd74","TX","procurement","Procurement Opportunities - the Texas Secretary of State","Provides samples and/or literature with bid response, if necessary. ... Texas State Library & Archives · Texas Homeland Security · Where the Money Goes ...","https://www.sos.state.tx.us/about/procurement/index.shtml",,"Texas","news","20","{""title"":""Procurement Opportunities - the Texas Secretary of State"",""link"":""https://www.sos.state.tx.us/about/procurement/index.shtml"",""snippet"":""Provides samples and/or literature with bid response, if necessary. ... Texas State Library & Archives · Texas Homeland Security · Where the Money Goes ...""}","2026-06-24 05:00:27.886154","2026-06-24 05:00:27.886154"
"b228518d-8c09-4c1d-8ba8-f93fc3ba9f59","IN","procurement","[PDF] Manual on contracting for vehicle maintenance services - ROSA P","... Indiana. University, Bloomington, IN,(1988). 123. Page 140. The City of ... D.O.T. physical and pre-employment health evaluation, and to undergo drug and ...","https://rosap.ntl.bts.gov/view/dot/30492/dot_30492_DS1.pdf",,"Indiana","legislation","20","{""title"":""[PDF] Manual on contracting for vehicle maintenance services - ROSA P"",""link"":""https://rosap.ntl.bts.gov/view/dot/30492/dot_30492_DS1.pdf"",""snippet"":""... Indiana. University, Bloomington, IN,(1988). 123. Page 140. The City of ... D.O.T. physical and pre-employment health evaluation, and to undergo drug and ...""}","2026-04-14 03:37:37.435681","2026-04-14 03:37:37.435681"
"b4ad615a-c4f2-4f54-ac4f-0adc69d1775e","CA","procurement","California Bids, State Government Contracts & RFPs | BidNet Direct","Welcome to the California Purchasing Group! Register for extensive access to statewide RFPs, bids and awards throughout California.","https://www.bidnetdirect.com/california/solicitations/open-bids/page7?frompage=&md=&SortOrder=ASC&tn=100401&sortby=Address&AID=&li=",,"California","rfp","40","{""title"":""California Bids, State Government Contracts & RFPs | BidNet Direct"",""link"":""https://www.bidnetdirect.com/california/solicitations/open-bids/page7?frompage=&md=&SortOrder=ASC&tn=100401&sortby=Address&AID=&li="",""snippet"":""Welcome to the California Purchasing Group! Register for extensive access to statewide RFPs, bids and awards throughout California.""}","2026-05-31 23:22:45.222857","2026-05-31 23:22:45.222857"
"b66f5b43-6bc7-4e20-8744-a03f0276cf41","CA","procurement","RFP No. 2026-20 Alcohol & Drug Testing for Employees & Pr... | Bid ...","The City of Paterson, New Jersey is issuing a Request for Proposal (RFP) for alcohol and drug testing services for employees and ... California. Open Date: 2/21/ ...","https://bidbanana.thebidlab.com/bid/j1gTh7FaQ4VszwM4B6f4",,"California","rfp","30","{""title"":""RFP No. 2026-20 Alcohol & Drug Testing for Employees & Pr... | Bid ..."",""link"":""https://bidbanana.thebidlab.com/bid/j1gTh7FaQ4VszwM4B6f4"",""snippet"":""The City of Paterson, New Jersey is issuing a Request for Proposal (RFP) for alcohol and drug testing services for employees and ... California. Open Date: 2/21/ ...""}","2026-05-31 23:22:45.016587","2026-05-31 23:22:45.016587"
"ba6a4af7-f5d4-4cc2-9442-bc838337a4e8","TX","procurement","[PDF] MOBILE MEDICAL UNIT STANDARD OPERATING GUIDELINES","Task Force (EMTF) Mobile Medical Unit (MMU) component under a State Mission Assignment (SMA) ... + Currently certified by the Texas State Board of Pharmacy. + ...","https://txemtf.org/wp-content/uploads/2026/03/TX-EMTF_SOG_Mobile-Medical-Unit_V1_2025.03.10.pdf",,"Texas","news","10","{""title"":""[PDF] MOBILE MEDICAL UNIT STANDARD OPERATING GUIDELINES"",""link"":""https://txemtf.org/wp-content/uploads/2026/03/TX-EMTF_SOG_Mobile-Medical-Unit_V1_2025.03.10.pdf"",""snippet"":""Task Force (EMTF) Mobile Medical Unit (MMU) component under a State Mission Assignment (SMA) ... + Currently certified by the Texas State Board of Pharmacy. + ...""}","2026-06-24 05:00:28.6101","2026-06-24 05:00:28.6101"
"be82f3cd-ba54-4800-a70d-0b16a88d6401","IN","procurement","[PDF] Finance & Administration Committee Agenda - City of Spokane","... 2025. L2zOO P.M. - CITY COUNCIL CHALBERS. A special meeting of the ... Indiana Avenue, Spokane. Valley, Washington 99216 as (“Company ...","https://static.spokanecity.org/documents/bcc/committees/finance-and-administration/agendas/2025/11/finadm-agenda-2025-11-03.pdf",,"Indiana","news","0","{""title"":""[PDF] Finance & Administration Committee Agenda - City of Spokane"",""link"":""https://static.spokanecity.org/documents/bcc/committees/finance-and-administration/agendas/2025/11/finadm-agenda-2025-11-03.pdf"",""snippet"":""... 2025. L2zOO P.M. - CITY COUNCIL CHALBERS. A special meeting of the ... Indiana Avenue, Spokane. Valley, Washington 99216 as (“Company ..."",""date"":""Nov 3, 2025""}","2026-04-14 03:37:37.482105","2026-04-14 03:37:37.482105"
"bef502a6-c932-4ccd-b02a-1da33002c1b7","TX","procurement","Statewide Contracts - Texas Comptroller","Purchasers at Texas state agencies are required to purchase from the Contract Sources if contract items meet their specifications.","https://comptroller.texas.gov/purchasing/contracts/",,"Texas","legislation","10","{""title"":""Statewide Contracts - Texas Comptroller"",""link"":""https://comptroller.texas.gov/purchasing/contracts/"",""snippet"":""Purchasers at Texas state agencies are required to purchase from the Contract Sources if contract items meet their specifications.""}","2026-06-24 05:00:28.394821","2026-06-24 05:00:28.394821"
"c1900d89-5183-4dc7-a25a-02510e329348","IN","procurement","[PDF] SENATE ENROLLED ACT No. 79 - LegiScan","Be it enacted by the General Assembly of the State of Indiana: SECTION 1. IC ... of your official duties or fitness for duty, you will be subjected to ...","https://legiscan.com/IN/text/SB0079/id/1997654/Indiana-2019-SB0079-Enrolled.pdf",,"Indiana","legislation","0","{""title"":""[PDF] SENATE ENROLLED ACT No. 79 - LegiScan"",""link"":""https://legiscan.com/IN/text/SB0079/id/1997654/Indiana-2019-SB0079-Enrolled.pdf"",""snippet"":""Be it enacted by the General Assembly of the State of Indiana: SECTION 1. IC ... of your official duties or fitness for duty, you will be subjected to ...""}","2026-04-14 03:37:37.456016","2026-04-14 03:37:37.456016"
"c4a458da-602f-4196-a9d8-4384878bcb9a","TX","procurement","Drug Testing Bids & RFPs - BidPrime","Drug Testing Bids & RFPs. Drug Testing. US State & Local. US State & Local ... Texas. May 11, 2026 Jun 22, 20261 day left · Drug and Alcohol Testing Services.","https://www.bidprime.com/bid/category/drug-and-alcohol-testing-services",,"Texas","rfp","30","{""title"":""Drug Testing Bids & RFPs - BidPrime"",""link"":""https://www.bidprime.com/bid/category/drug-and-alcohol-testing-services"",""snippet"":""Drug Testing Bids & RFPs. Drug Testing. US State & Local. US State & Local ... Texas. May 11, 2026 Jun 22, 20261 day left · Drug and Alcohol Testing Services.""}","2026-06-24 05:00:27.163842","2026-06-24 05:00:27.163842"
"c82326ec-c5eb-4d97-8f0b-6272cff95ee5","CA","procurement","Contracts Physical Exam and Occupational Medicine Physician ...","... Employee Health Services and County agencies. ... Occupational Health Centers of California, A Medical Corporation, dba Concentra Medical Centers.","http://cams.ocgov.com/Web_Publisher/Agenda05_20_2025_files/images/A24-000573.HTM",,"California","legislation","40","{""title"":""Contracts Physical Exam and Occupational Medicine Physician ..."",""link"":""http://cams.ocgov.com/Web_Publisher/Agenda05_20_2025_files/images/A24-000573.HTM"",""snippet"":""... Employee Health Services and County agencies. ... Occupational Health Centers of California, A Medical Corporation, dba Concentra Medical Centers."",""date"":""May 20, 2025""}","2026-05-31 23:22:44.947795","2026-05-31 23:22:44.947795"
"c8ee7737-84ba-42f9-916b-fb6b9293f379","IN","procurement","State, Local & Cooperative Contracts - John Deere","Indiana, Iowa, Kansas, Kentucky, Louisiana, Maine, Maryland, Massachusetts, Michigan ... NASPO ValuePoint Ground Maintenance Equipment Contract #N-2025-GME-0001.","https://www.deere.com/en/government-and-military-sales/state-and-local-purchasing/",,"Indiana","legislation","10","{""title"":""State, Local & Cooperative Contracts - John Deere"",""link"":""https://www.deere.com/en/government-and-military-sales/state-and-local-purchasing/"",""snippet"":""Indiana, Iowa, Kansas, Kentucky, Louisiana, Maine, Maryland, Massachusetts, Michigan ... NASPO ValuePoint Ground Maintenance Equipment Contract #N-2025-GME-0001.""}","2026-04-14 03:37:37.468029","2026-04-14 03:37:37.468029"
"cf078468-35e6-43c6-befe-ccb10423a19f","IN","procurement","[PDF] In this issue Updated Remote Work Policy effective July 1, 2025 A ...","... State of Indiana website, or on the State of Indiana social media pages. ... Upcoming updates to the CDL Medical Examiner. Certification ...","https://www.in.gov/spd/files/2025-July-Torch.pdf",,"Indiana","news","10","{""title"":""[PDF] In this issue Updated Remote Work Policy effective July 1, 2025 A ..."",""link"":""https://www.in.gov/spd/files/2025-July-Torch.pdf"",""snippet"":""... State of Indiana website, or on the State of Indiana social media pages. ... Upcoming updates to the CDL Medical Examiner. Certification ..."",""date"":""Jul 1, 2025""}","2026-04-14 03:37:37.425781","2026-04-14 03:37:37.425781"
"d0577859-82e5-4272-b9c7-159b4a817cab","IN","procurement","Explore Contract Portfolios - NASPO ValuePoint","Explore NASPO ValuePoint Cooperative Contract Portfolios. Portfolios ... Indiana, Iowa, Kansas, Kentucky, Louisiana, Maine, Maryland, Massachusetts, Michigan ...","https://www.naspovaluepoint.org/portfolios/page/2/?sortBy=name&sortByDir=asc",,"Indiana","legislation","10","{""title"":""Explore Contract Portfolios - NASPO ValuePoint"",""link"":""https://www.naspovaluepoint.org/portfolios/page/2/?sortBy=name&sortByDir=asc"",""snippet"":""Explore NASPO ValuePoint Cooperative Contract Portfolios. Portfolios ... Indiana, Iowa, Kansas, Kentucky, Louisiana, Maine, Maryland, Massachusetts, Michigan ...""}","2026-04-14 03:37:37.460213","2026-04-14 03:37:37.460213"
"d19de680-0584-4075-a299-39f72ff9fa97","IN","procurement","Naspo ValuePoint - Grainger Industrial Supply","... contract cooperative. NASPO ValuePoint is a unified non-profit ... Indiana, Iowa, Kansas, Kentucky, Louisiana, Maine, Maryland, Massachusetts, Michigan ...","https://www.grainger.com/content/mc/clp-naspo/naspo",,"Indiana","legislation","10","{""title"":""Naspo ValuePoint - Grainger Industrial Supply"",""link"":""https://www.grainger.com/content/mc/clp-naspo/naspo"",""snippet"":""... contract cooperative. NASPO ValuePoint is a unified non-profit ... Indiana, Iowa, Kansas, Kentucky, Louisiana, Maine, Maryland, Massachusetts, Michigan ...""}","2026-04-14 03:37:37.462987","2026-04-14 03:37:37.462987"
"d27c31f9-0ff8-4302-aad5-321f23373801","TX","procurement","Procurement Opportunities - Texas Health and Human Services","This procurement will seek a qualified contractor to provide continued operations of the Texas Medicaid Management Information System and to perform claims ...","https://www.hhs.texas.gov/business/contracting-hhs/procurement-opportunities",,"Texas","legislation","20","{""title"":""Procurement Opportunities - Texas Health and Human Services"",""link"":""https://www.hhs.texas.gov/business/contracting-hhs/procurement-opportunities"",""snippet"":""This procurement will seek a qualified contractor to provide continued operations of the Texas Medicaid Management Information System and to perform claims ...""}","2026-06-24 05:00:27.669214","2026-06-24 05:00:27.669214"
"d3a364a0-5c23-432d-a1c2-ad8d6ce8b4d4","TX","procurement","Texas Bids, Government RFPs in TX | Texas State Contracts","Texas RFPs & Bids, Government Contracts in Texas State (TX). Texas is one of the largest states in the Union and it publishes thousands of Texas RFP each year.","https://www.findrfp.com/State-RFP-Bid/Government-RFPS-bids-Texas-TX.aspx",,"Texas","rfp","30","{""title"":""Texas Bids, Government RFPs in TX | Texas State Contracts"",""link"":""https://www.findrfp.com/State-RFP-Bid/Government-RFPS-bids-Texas-TX.aspx"",""snippet"":""Texas RFPs & Bids, Government Contracts in Texas State (TX). Texas is one of the largest states in the Union and it publishes thousands of Texas RFP each year.""}","2026-06-24 05:00:28.178789","2026-06-24 05:00:28.178789"
"d87cea37-da23-48dc-a5f6-8b73dcb5825f","TX","procurement","Laboratory Drug Testing Bids, RFPs & Government Contracts","... bid database for more government procurement opportunities in Laboratory Drug Testing ... California RFPs/bids, Texas bids, Florida RFPs/bids, Massachusetts RFPs/ ...","https://www.findrfp.com/medical-healthcare-bids/laboratory-drug-testing.aspx",,"Texas","rfp","50","{""title"":""Laboratory Drug Testing Bids, RFPs & Government Contracts"",""link"":""https://www.findrfp.com/medical-healthcare-bids/laboratory-drug-testing.aspx"",""snippet"":""... bid database for more government procurement opportunities in Laboratory Drug Testing ... California RFPs/bids, Texas bids, Florida RFPs/bids, Massachusetts RFPs/ ...""}","2026-06-24 05:00:27.37942","2026-06-24 05:00:27.37942"
"d9b1e613-ab86-4dcd-8957-4f84cd76f084","CA","procurement","[PDF] RFP Boilerplate - The City of Berkeley","services required by federal, state and local occupational health ... State of California that the foregoing is true and correct. Printed ...","https://berkeleyca.gov/sites/default/files/documents/RFP%20Occupational%20Med.%20Services.pdf",,"California","rfp","20","{""title"":""[PDF] RFP Boilerplate - The City of Berkeley"",""link"":""https://berkeleyca.gov/sites/default/files/documents/RFP%20Occupational%20Med.%20Services.pdf"",""snippet"":""services required by federal, state and local occupational health ... State of California that the foregoing is true and correct. Printed ..."",""date"":""Dec 16, 2025""}","2026-05-31 23:22:45.085278","2026-05-31 23:22:45.085278"
"da3fce6c-aba4-4447-9012-4434a21ef089","IN","procurement","Client Testimonials - Indianapolis - Public Safety Medical","“Public Safety Medical has been a valuable asset to the Indiana State Police for well over a decade now. ... fitness for duty evaluations. The staff at ...","https://publicsafetymed.com/about-us/testimonials/",,"Indiana","safety","0","{""title"":""Client Testimonials - Indianapolis - Public Safety Medical"",""link"":""https://publicsafetymed.com/about-us/testimonials/"",""snippet"":""“Public Safety Medical has been a valuable asset to the Indiana State Police for well over a decade now. ... fitness for duty evaluations. The staff at ...""}","2026-04-14 03:37:37.446679","2026-04-14 03:37:37.446679"
"da61b5b8-50e4-4e91-b655-5b75ffd5e398","IN","procurement","Fitness for Duty Evaluation Providers in Indiana - BlueHive","Find 98 clinics offering fitness for duty evaluation in Indiana. Schedule through BlueHive for guaranteed in-network pricing.","https://bluehive.com/provider/indiana/fitness-for-duty-evaluation/",,"Indiana","news","10","{""title"":""Fitness for Duty Evaluation Providers in Indiana - BlueHive"",""link"":""https://bluehive.com/provider/indiana/fitness-for-duty-evaluation/"",""snippet"":""Find 98 clinics offering fitness for duty evaluation in Indiana. Schedule through BlueHive for guaranteed in-network pricing.""}","2026-04-14 03:37:37.44482","2026-04-14 03:37:37.44482"
"e0efc1ba-9b47-496d-ad84-bdadca8944df","CA","procurement","[PDF] REQUEST FOR PROPOSAL FOR OCCUPATIONAL HEALTH ...","DOT physical exams (FMCSA and FTA) and Medical Examiner's Certification ... City is a public agency of the State of California and is in need of professional.","https://cms9files.revize.com/arcadia/Purchasing/Occupational%20Health%20Program%20Services%20RFP.pdf",,"California","rfp","30","{""title"":""[PDF] REQUEST FOR PROPOSAL FOR OCCUPATIONAL HEALTH ..."",""link"":""https://cms9files.revize.com/arcadia/Purchasing/Occupational%20Health%20Program%20Services%20RFP.pdf"",""snippet"":""DOT physical exams (FMCSA and FTA) and Medical Examiner's Certification ... City is a public agency of the State of California and is in need of professional.""}","2026-05-31 23:22:45.567319","2026-05-31 23:22:45.567319"
"e305cc37-dc50-49d9-bce1-7273070c7e5c","IN","procurement","[PDF] Purchasing Consortium Request for Proposal - RFP Number 205","Indiana State University. Indiana University. Ivy Tech Comm College of Indiana ... I-9s; e-Verify; Credentialing; Drug Testing, etc.) 121. For schools ...","https://btaa.org/docs/default-source/purchasing/rfp-205--background-checks.pdf?sfvrsn=b12f6258_1",,"Indiana","rfp","20","{""title"":""[PDF] Purchasing Consortium Request for Proposal - RFP Number 205"",""link"":""https://btaa.org/docs/default-source/purchasing/rfp-205--background-checks.pdf?sfvrsn=b12f6258_1"",""snippet"":""Indiana State University. Indiana University. Ivy Tech Comm College of Indiana ... I-9s; e-Verify; Credentialing; Drug Testing, etc.) 121. For schools ...""}","2026-04-14 03:37:37.417078","2026-04-14 03:37:37.417078"
"e50ea3ca-846a-4a8a-befb-ec97699423d4","IN","procurement","Laboratory Drug Testing Bids, RFPs & Government Contracts","Indiana, Iowa, Kansas, Kentucky ... These include government RFPs, RFTs, RFIs, RFQs in laboratory drug testing from federal, state, and local governments.","https://www.findrfp.com/medical-healthcare-bids/laboratory-drug-testing.aspx",,"Indiana","rfp","50","{""title"":""Laboratory Drug Testing Bids, RFPs & Government Contracts"",""link"":""https://www.findrfp.com/medical-healthcare-bids/laboratory-drug-testing.aspx"",""snippet"":""Indiana, Iowa, Kansas, Kentucky ... These include government RFPs, RFTs, RFIs, RFQs in laboratory drug testing from federal, state, and local governments.""}","2026-04-14 03:37:37.412245","2026-04-14 03:37:37.412245"
"e77e0c05-e6d0-491d-8ad2-f2432f1dde47","CA","procurement","[DOC] 901555 RFP Occupational Health - Alameda County","(d)​ The objectives of the County pre-employment exam process, which are ... ​ California Government Code Section 4552: In submitting a bid to a public ...","https://alamedacountyca.gov/gsaapp/purchasing/bidContent_ftp/rfpDocs/RFP%23901555.doc",,"California","rfp","40","{""title"":""[DOC] 901555 RFP Occupational Health - Alameda County"",""link"":""https://alamedacountyca.gov/gsaapp/purchasing/bidContent_ftp/rfpDocs/RFP%23901555.doc"",""snippet"":""(d)​ The objectives of the County pre-employment exam process, which are ... ​ California Government Code Section 4552: In submitting a bid to a public ...""}","2026-05-31 23:22:45.498853","2026-05-31 23:22:45.498853"
"eb02f7d0-0fc4-42d9-baac-15c03f461791","TX","procurement","[PDF] Mobile Medical Vehicle (New, Stock, Preowned, or Refurbished)","As the Local Mental Health. Authority for the State of Texas, we are providing standard terms and conditions. THIS IS NOT INTENDED TO. BE A ...","https://www.theharriscenter.org/sites/default/files/2023-01/Mobile%20Medical%20Vehicle%20%28New%20Stock%20Preowned%20or%20Refurbished%29%20RFP.pdf",,"Texas","news","10","{""title"":""[PDF] Mobile Medical Vehicle (New, Stock, Preowned, or Refurbished)"",""link"":""https://www.theharriscenter.org/sites/default/files/2023-01/Mobile%20Medical%20Vehicle%20%28New%20Stock%20Preowned%20or%20Refurbished%29%20RFP.pdf"",""snippet"":""As the Local Mental Health. Authority for the State of Texas, we are providing standard terms and conditions. THIS IS NOT INTENDED TO. BE A ..."",""date"":""Jan 17, 2023""}","2026-06-24 05:00:28.46654","2026-06-24 05:00:28.46654"
"edb15ad1-6b1f-462a-bec0-5ac19007c613","CA","procurement","Mobile Med. Servs. for Physicians & Advanced Practice Nurses, Inc ...","California Court of Appeals. Parties, MOBILE MEDICAL SERVICES FOR PHYSICIANS AND ADVANCED PRACTICE NURSES, INC., Plaintiff and Respondent, v. Chalat RAJARAM ...","https://case-law.vlex.com/vid/mobile-med-servs-for-893371273",,"California","legislation","30","{""title"":""Mobile Med. Servs. for Physicians & Advanced Practice Nurses, Inc ..."",""link"":""https://case-law.vlex.com/vid/mobile-med-servs-for-893371273"",""snippet"":""California Court of Appeals. Parties, MOBILE MEDICAL SERVICES FOR PHYSICIANS AND ADVANCED PRACTICE NURSES, INC., Plaintiff and Respondent, v. Chalat RAJARAM ...""}","2026-05-31 23:22:45.97974","2026-05-31 23:22:45.97974"
"ee504af8-71b0-428d-9bd4-98e2950ca4fa","IN","procurement","[PDF] Page 1 of 75 ADDENDUM Contract #0000000000000000000087052","The Contractor shall extend the pricing and services under this Contract to all Indiana. Libraries and work with the State to provide access and the means to ...","https://s3-us-west-2.amazonaws.com/naspovaluepoint/1757531347_State%20of%20Indiana.pdf",,"Indiana","legislation","10","{""title"":""[PDF] Page 1 of 75 ADDENDUM Contract #0000000000000000000087052"",""link"":""https://s3-us-west-2.amazonaws.com/naspovaluepoint/1757531347_State%20of%20Indiana.pdf"",""snippet"":""The Contractor shall extend the pricing and services under this Contract to all Indiana. Libraries and work with the State to provide access and the means to ...""}","2026-04-14 03:37:37.464934","2026-04-14 03:37:37.464934"
"f6b4cb5e-0710-48ed-8656-e2f9896c880d","TX","procurement","USA (Corpus Christi, Texas) - Occupational Medical Services ...","Product (RFP/RFQ/RFI/Solicitation/Tender/Bid Etc.) ... DOT physical examination services • Work-related ... State : Texas. Cost to Download This RFP Document : $ 7 ...","https://www.rfpmart.com/1103949-usa-corpus-christi-texas-occupational-medical-services-rfp.html",,"Texas","rfp","50","{""title"":""USA (Corpus Christi, Texas) - Occupational Medical Services ..."",""link"":""https://www.rfpmart.com/1103949-usa-corpus-christi-texas-occupational-medical-services-rfp.html"",""snippet"":""Product (RFP/RFQ/RFI/Solicitation/Tender/Bid Etc.) ... DOT physical examination services • Work-related ... State : Texas. Cost to Download This RFP Document : $ 7 ...""}","2026-06-24 05:00:28.034846","2026-06-24 05:00:28.034846"
"fa2640e5-41b5-4943-bfd2-0324fb8c4276","CA","procurement","Broadcast Bulletins - DGS (ca.gov)","E-07-18 - SUBJECT: Invitation to participate in the 2019 California Association of Public Procurement Officials, Inc. ... State of California.","https://www.dgs.ca.gov/PD/Resources/Page-Content/Procurement-Division-Resources-List-Folder/Broadcast-Bulletins",,"California","notice","10","{""title"":""Broadcast Bulletins - DGS (ca.gov)"",""link"":""https://www.dgs.ca.gov/PD/Resources/Page-Content/Procurement-Division-Resources-List-Folder/Broadcast-Bulletins"",""snippet"":""E-07-18 - SUBJECT: Invitation to participate in the 2019 California Association of Public Procurement Officials, Inc. ... State of California.""}","2026-05-31 23:22:44.810242","2026-05-31 23:22:44.810242"